{"type":"FeatureCollection","features":[{"type":"Feature","properties":{"departamento":"LA COCHA","cabecera":"La Cocha"},"geometry":{"type":"Polygon","coordinates":[[[-65.548,-27.609],[-65.544,-27.609],[-65.542,-27.61],[-65.541,-27.61],[-65.54,-27.611],[-65.54,-27.612],[-65.538,-27.613],[-65.538,-27.615],[-65.537,-27.618],[-65.536,-27.62],[-65.535,-27.622],[-65.533,-27.622],[-65.532,-27.623],[-65.53,-27.622],[-65.528,-27.621],[-65.523,-27.618],[-65.521,-27.616],[-65.521,-27.615],[-65.52,-27.613],[-65.517,-27.612],[-65.516,-27.611],[-65.515,-27.612],[-65.513,-27.613],[-65.512,-27.613],[-65.511,-27.614],[-65.512,-27.617],[-65.512,-27.618],[-65.514,-27.618],[-65.515,-27.618],[-65.516,-27.618],[-65.517,-27.619],[-65.518,-27.62],[-65.519,-27.62],[-65.522,-27.621],[-65.522,-27.622],[-65.522,-27.623],[-65.521,-27.624],[-65.516,-27.625],[-65.513,-27.627],[-65.516,-27.643],[-65.52,-27.664],[-65.499,-27.667],[-65.505,-27.692],[-65.494,-27.694],[-65.504,-27.738],[-65.48,-27.743],[-65.483,-27.756],[-65.464,-27.761],[-65.473,-27.788],[-65.43,-27.793],[-65.415,-27.796],[-65.416,-27.798],[-65.419,-27.803],[-65.435,-27.879],[-65.437,-27.887],[-65.439,-27.888],[-65.443,-27.891],[-65.444,-27.892],[-65.447,-27.894],[-65.452,-27.895],[-65.456,-27.895],[-65.461,-27.897],[-65.465,-27.899],[-65.466,-27.9],[-65.467,-27.9],[-65.471,-27.902],[-65.472,-27.903],[-65.474,-27.904],[-65.476,-27.91],[-65.477,-27.911],[-65.48,-27.913],[-65.482,-27.914],[-65.483,-27.914],[-65.484,-27.914],[-65.486,-27.915],[-65.488,-27.915],[-65.489,-27.916],[-65.491,-27.918],[-65.492,-27.919],[-65.494,-27.921],[-65.496,-27.922],[-65.497,-27.922],[-65.498,-27.922],[-65.499,-27.924],[-65.5,-27.924],[-65.5,-27.925],[-65.501,-27.926],[-65.5,-27.929],[-65.499,-27.931],[-65.5,-27.931],[-65.503,-27.931],[-65.504,-27.93],[-65.506,-27.929],[-65.507,-27.929],[-65.508,-27.93],[-65.507,-27.932],[-65.506,-27.933],[-65.506,-27.935],[-65.506,-27.937],[-65.507,-27.937],[-65.509,-27.938],[-65.51,-27.939],[-65.511,-27.942],[-65.513,-27.944],[-65.516,-27.946],[-65.519,-27.947],[-65.52,-27.948],[-65.522,-27.95],[-65.523,-27.952],[-65.523,-27.956],[-65.521,-27.958],[-65.521,-27.959],[-65.521,-27.961],[-65.521,-27.963],[-65.522,-27.964],[-65.523,-27.965],[-65.526,-27.965],[-65.528,-27.965],[-65.529,-27.965],[-65.531,-27.966],[-65.53,-27.968],[-65.53,-27.969],[-65.528,-27.97],[-65.528,-27.972],[-65.528,-27.973],[-65.534,-27.974],[-65.537,-27.975],[-65.538,-27.975],[-65.539,-27.973],[-65.54,-27.973],[-65.541,-27.973],[-65.541,-27.974],[-65.542,-27.975],[-65.543,-27.976],[-65.545,-27.977],[-65.545,-27.979],[-65.546,-27.98],[-65.545,-27.985],[-65.546,-27.988],[-65.546,-27.99],[-65.548,-27.99],[-65.551,-27.99],[-65.552,-27.991],[-65.553,-27.992],[-65.553,-27.994],[-65.554,-27.994],[-65.555,-27.995],[-65.557,-27.995],[-65.558,-27.995],[-65.559,-27.997],[-65.56,-27.999],[-65.56,-28.003],[-65.56,-28.004],[-65.561,-28.006],[-65.562,-28.008],[-65.563,-28.009],[-65.564,-28.009],[-65.567,-28.011],[-65.569,-28.013],[-65.574,-28.014],[-65.577,-28.014],[-65.578,-28.013],[-65.578,-28.012],[-65.578,-28.011],[-65.579,-28.01],[-65.583,-28.007],[-65.585,-28.006],[-65.588,-28.003],[-65.588,-28.002],[-65.589,-27.999],[-65.593,-27.998],[-65.594,-27.999],[-65.594,-28],[-65.595,-28],[-65.596,-27.999],[-65.597,-27.999],[-65.598,-28],[-65.598,-27.999],[-65.599,-27.999],[-65.602,-27.998],[-65.604,-27.997],[-65.604,-27.996],[-65.605,-27.996],[-65.606,-27.996],[-65.606,-27.994],[-65.607,-27.992],[-65.609,-27.991],[-65.612,-27.991],[-65.614,-27.989],[-65.616,-27.983],[-65.617,-27.982],[-65.618,-27.978],[-65.618,-27.976],[-65.617,-27.975],[-65.616,-27.974],[-65.617,-27.973],[-65.617,-27.972],[-65.618,-27.971],[-65.62,-27.971],[-65.621,-27.972],[-65.623,-27.972],[-65.623,-27.973],[-65.625,-27.973],[-65.666,-27.973],[-65.669,-27.965],[-65.668,-27.96],[-65.669,-27.954],[-65.671,-27.951],[-65.671,-27.946],[-65.674,-27.942],[-65.673,-27.94],[-65.674,-27.938],[-65.675,-27.933],[-65.675,-27.928],[-65.676,-27.925],[-65.679,-27.922],[-65.681,-27.918],[-65.687,-27.914],[-65.688,-27.908],[-65.69,-27.904],[-65.691,-27.901],[-65.695,-27.898],[-65.696,-27.895],[-65.697,-27.893],[-65.699,-27.89],[-65.699,-27.885],[-65.699,-27.872],[-65.701,-27.868],[-65.699,-27.865],[-65.698,-27.86],[-65.697,-27.856],[-65.697,-27.851],[-65.699,-27.848],[-65.699,-27.844],[-65.7,-27.839],[-65.702,-27.834],[-65.704,-27.831],[-65.703,-27.828],[-65.704,-27.826],[-65.706,-27.823],[-65.703,-27.817],[-65.705,-27.814],[-65.705,-27.812],[-65.704,-27.808],[-65.72,-27.816],[-65.72,-27.806],[-65.721,-27.798],[-65.724,-27.795],[-65.729,-27.792],[-65.734,-27.788],[-65.736,-27.785],[-65.746,-27.776],[-65.753,-27.77],[-65.755,-27.77],[-65.757,-27.769],[-65.757,-27.768],[-65.757,-27.767],[-65.759,-27.766],[-65.759,-27.765],[-65.759,-27.764],[-65.757,-27.763],[-65.757,-27.762],[-65.756,-27.76],[-65.757,-27.759],[-65.756,-27.759],[-65.757,-27.758],[-65.757,-27.757],[-65.757,-27.756],[-65.758,-27.756],[-65.758,-27.755],[-65.759,-27.755],[-65.759,-27.754],[-65.759,-27.753],[-65.76,-27.752],[-65.759,-27.751],[-65.759,-27.75],[-65.759,-27.749],[-65.76,-27.749],[-65.76,-27.748],[-65.759,-27.748],[-65.759,-27.747],[-65.761,-27.747],[-65.762,-27.747],[-65.763,-27.748],[-65.764,-27.747],[-65.765,-27.746],[-65.766,-27.744],[-65.767,-27.743],[-65.766,-27.743],[-65.766,-27.742],[-65.767,-27.742],[-65.77,-27.742],[-65.77,-27.741],[-65.77,-27.74],[-65.769,-27.74],[-65.768,-27.739],[-65.767,-27.74],[-65.766,-27.738],[-65.765,-27.738],[-65.763,-27.737],[-65.762,-27.737],[-65.763,-27.736],[-65.763,-27.735],[-65.764,-27.733],[-65.762,-27.732],[-65.761,-27.732],[-65.761,-27.731],[-65.763,-27.73],[-65.763,-27.728],[-65.762,-27.728],[-65.761,-27.728],[-65.761,-27.727],[-65.761,-27.725],[-65.761,-27.724],[-65.761,-27.723],[-65.762,-27.722],[-65.762,-27.721],[-65.761,-27.72],[-65.76,-27.721],[-65.758,-27.721],[-65.758,-27.719],[-65.758,-27.718],[-65.756,-27.713],[-65.757,-27.711],[-65.757,-27.709],[-65.756,-27.709],[-65.756,-27.708],[-65.755,-27.706],[-65.754,-27.705],[-65.754,-27.704],[-65.754,-27.703],[-65.755,-27.703],[-65.754,-27.703],[-65.753,-27.701],[-65.752,-27.701],[-65.751,-27.7],[-65.752,-27.699],[-65.753,-27.698],[-65.753,-27.697],[-65.752,-27.696],[-65.75,-27.696],[-65.749,-27.696],[-65.747,-27.693],[-65.747,-27.692],[-65.747,-27.691],[-65.748,-27.69],[-65.747,-27.69],[-65.747,-27.689],[-65.746,-27.689],[-65.748,-27.688],[-65.747,-27.687],[-65.746,-27.686],[-65.746,-27.685],[-65.746,-27.684],[-65.747,-27.682],[-65.746,-27.682],[-65.746,-27.681],[-65.746,-27.68],[-65.746,-27.679],[-65.745,-27.679],[-65.742,-27.679],[-65.743,-27.677],[-65.745,-27.676],[-65.745,-27.674],[-65.747,-27.673],[-65.748,-27.671],[-65.749,-27.669],[-65.75,-27.669],[-65.75,-27.666],[-65.751,-27.665],[-65.75,-27.664],[-65.752,-27.664],[-65.752,-27.663],[-65.751,-27.662],[-65.751,-27.661],[-65.752,-27.66],[-65.752,-27.658],[-65.753,-27.657],[-65.752,-27.655],[-65.751,-27.651],[-65.75,-27.651],[-65.75,-27.65],[-65.75,-27.647],[-65.75,-27.645],[-65.75,-27.643],[-65.75,-27.641],[-65.75,-27.639],[-65.749,-27.638],[-65.746,-27.636],[-65.743,-27.635],[-65.742,-27.635],[-65.744,-27.633],[-65.745,-27.631],[-65.744,-27.631],[-65.744,-27.63],[-65.743,-27.629],[-65.742,-27.628],[-65.741,-27.625],[-65.738,-27.621],[-65.736,-27.619],[-65.735,-27.613],[-65.732,-27.611],[-65.725,-27.611],[-65.722,-27.609],[-65.721,-27.609],[-65.717,-27.609],[-65.715,-27.61],[-65.714,-27.61],[-65.712,-27.611],[-65.711,-27.61],[-65.71,-27.61],[-65.707,-27.612],[-65.703,-27.616],[-65.702,-27.617],[-65.701,-27.618],[-65.696,-27.618],[-65.695,-27.621],[-65.695,-27.622],[-65.694,-27.627],[-65.693,-27.628],[-65.692,-27.629],[-65.691,-27.631],[-65.689,-27.631],[-65.687,-27.631],[-65.683,-27.633],[-65.682,-27.634],[-65.681,-27.635],[-65.679,-27.635],[-65.677,-27.635],[-65.672,-27.636],[-65.671,-27.636],[-65.67,-27.635],[-65.668,-27.635],[-65.667,-27.635],[-65.664,-27.636],[-65.663,-27.636],[-65.66,-27.635],[-65.658,-27.634],[-65.654,-27.635],[-65.649,-27.633],[-65.647,-27.634],[-65.642,-27.632],[-65.64,-27.631],[-65.639,-27.63],[-65.636,-27.63],[-65.635,-27.631],[-65.633,-27.633],[-65.632,-27.631],[-65.629,-27.631],[-65.628,-27.631],[-65.626,-27.631],[-65.624,-27.629],[-65.623,-27.629],[-65.621,-27.629],[-65.62,-27.631],[-65.62,-27.632],[-65.619,-27.632],[-65.616,-27.631],[-65.615,-27.631],[-65.613,-27.63],[-65.611,-27.63],[-65.611,-27.629],[-65.611,-27.628],[-65.612,-27.626],[-65.611,-27.625],[-65.61,-27.624],[-65.608,-27.624],[-65.608,-27.625],[-65.607,-27.625],[-65.606,-27.625],[-65.605,-27.625],[-65.603,-27.624],[-65.6,-27.624],[-65.599,-27.625],[-65.598,-27.624],[-65.598,-27.623],[-65.598,-27.622],[-65.6,-27.621],[-65.6,-27.62],[-65.598,-27.619],[-65.596,-27.619],[-65.595,-27.618],[-65.595,-27.617],[-65.597,-27.616],[-65.596,-27.615],[-65.594,-27.616],[-65.592,-27.615],[-65.591,-27.616],[-65.59,-27.617],[-65.589,-27.618],[-65.588,-27.62],[-65.588,-27.621],[-65.588,-27.622],[-65.588,-27.623],[-65.587,-27.623],[-65.586,-27.623],[-65.585,-27.623],[-65.584,-27.622],[-65.584,-27.621],[-65.582,-27.621],[-65.581,-27.621],[-65.581,-27.62],[-65.579,-27.62],[-65.577,-27.619],[-65.576,-27.618],[-65.574,-27.617],[-65.573,-27.615],[-65.571,-27.614],[-65.57,-27.615],[-65.57,-27.617],[-65.569,-27.617],[-65.567,-27.616],[-65.565,-27.615],[-65.56,-27.614],[-65.556,-27.613],[-65.554,-27.611],[-65.552,-27.609],[-65.55,-27.609],[-65.548,-27.609]]]}},{"type":"Feature","properties":{"departamento":"GRANEROS","cabecera":"Graneros"},"geometry":{"type":"Polygon","coordinates":[[[-65.027,-27.587],[-65.018,-27.627],[-64.986,-27.742],[-65.028,-27.753],[-65.019,-27.781],[-65.017,-27.789],[-65.016,-27.791],[-65.017,-27.793],[-65.03,-27.841],[-65.039,-27.879],[-65.092,-27.893],[-65.107,-27.893],[-65.143,-27.885],[-65.142,-27.881],[-65.159,-27.877],[-65.169,-27.917],[-65.178,-27.916],[-65.171,-27.946],[-65.365,-27.846],[-65.367,-27.847],[-65.37,-27.846],[-65.372,-27.847],[-65.374,-27.848],[-65.375,-27.848],[-65.376,-27.849],[-65.377,-27.849],[-65.38,-27.851],[-65.382,-27.852],[-65.383,-27.854],[-65.388,-27.855],[-65.39,-27.855],[-65.393,-27.857],[-65.394,-27.857],[-65.396,-27.86],[-65.397,-27.863],[-65.397,-27.864],[-65.401,-27.868],[-65.403,-27.87],[-65.405,-27.873],[-65.412,-27.876],[-65.413,-27.877],[-65.415,-27.878],[-65.419,-27.881],[-65.42,-27.883],[-65.423,-27.884],[-65.427,-27.884],[-65.428,-27.884],[-65.431,-27.884],[-65.432,-27.885],[-65.434,-27.885],[-65.435,-27.885],[-65.437,-27.887],[-65.435,-27.879],[-65.419,-27.803],[-65.416,-27.798],[-65.415,-27.796],[-65.43,-27.793],[-65.473,-27.788],[-65.464,-27.761],[-65.483,-27.756],[-65.48,-27.743],[-65.504,-27.738],[-65.494,-27.694],[-65.505,-27.692],[-65.499,-27.667],[-65.52,-27.664],[-65.516,-27.643],[-65.513,-27.627],[-65.516,-27.625],[-65.521,-27.624],[-65.522,-27.623],[-65.522,-27.622],[-65.522,-27.621],[-65.519,-27.62],[-65.518,-27.62],[-65.517,-27.619],[-65.516,-27.618],[-65.515,-27.618],[-65.514,-27.618],[-65.512,-27.618],[-65.512,-27.617],[-65.511,-27.614],[-65.512,-27.613],[-65.513,-27.613],[-65.515,-27.612],[-65.517,-27.612],[-65.52,-27.613],[-65.521,-27.615],[-65.521,-27.616],[-65.523,-27.618],[-65.528,-27.621],[-65.53,-27.622],[-65.532,-27.623],[-65.534,-27.622],[-65.535,-27.622],[-65.532,-27.609],[-65.527,-27.587],[-65.522,-27.566],[-65.52,-27.562],[-65.517,-27.55],[-65.518,-27.55],[-65.517,-27.543],[-65.514,-27.542],[-65.507,-27.542],[-65.505,-27.541],[-65.502,-27.541],[-65.497,-27.541],[-65.495,-27.542],[-65.494,-27.541],[-65.492,-27.541],[-65.491,-27.541],[-65.49,-27.541],[-65.487,-27.542],[-65.487,-27.544],[-65.485,-27.545],[-65.484,-27.543],[-65.484,-27.539],[-65.48,-27.538],[-65.48,-27.543],[-65.479,-27.543],[-65.479,-27.541],[-65.479,-27.54],[-65.48,-27.539],[-65.479,-27.539],[-65.477,-27.539],[-65.477,-27.54],[-65.476,-27.54],[-65.475,-27.54],[-65.475,-27.539],[-65.474,-27.539],[-65.474,-27.538],[-65.472,-27.538],[-65.473,-27.539],[-65.472,-27.539],[-65.472,-27.541],[-65.471,-27.541],[-65.47,-27.541],[-65.47,-27.542],[-65.469,-27.541],[-65.468,-27.541],[-65.468,-27.54],[-65.467,-27.54],[-65.465,-27.54],[-65.464,-27.539],[-65.463,-27.539],[-65.462,-27.538],[-65.461,-27.538],[-65.461,-27.539],[-65.46,-27.539],[-65.46,-27.54],[-65.459,-27.54],[-65.459,-27.539],[-65.458,-27.539],[-65.458,-27.538],[-65.459,-27.538],[-65.458,-27.537],[-65.457,-27.537],[-65.457,-27.538],[-65.456,-27.539],[-65.456,-27.538],[-65.456,-27.537],[-65.455,-27.537],[-65.455,-27.538],[-65.454,-27.537],[-65.453,-27.537],[-65.452,-27.537],[-65.452,-27.538],[-65.451,-27.539],[-65.452,-27.539],[-65.452,-27.54],[-65.451,-27.54],[-65.449,-27.54],[-65.448,-27.54],[-65.448,-27.539],[-65.447,-27.539],[-65.445,-27.54],[-65.443,-27.54],[-65.442,-27.539],[-65.441,-27.538],[-65.44,-27.538],[-65.44,-27.539],[-65.439,-27.539],[-65.438,-27.539],[-65.437,-27.539],[-65.435,-27.54],[-65.434,-27.54],[-65.434,-27.541],[-65.433,-27.541],[-65.433,-27.54],[-65.433,-27.541],[-65.432,-27.54],[-65.43,-27.54],[-65.429,-27.54],[-65.428,-27.54],[-65.426,-27.54],[-65.425,-27.539],[-65.424,-27.539],[-65.423,-27.539],[-65.422,-27.539],[-65.422,-27.54],[-65.421,-27.54],[-65.421,-27.541],[-65.42,-27.541],[-65.419,-27.541],[-65.418,-27.541],[-65.418,-27.54],[-65.417,-27.54],[-65.416,-27.54],[-65.416,-27.541],[-65.415,-27.54],[-65.415,-27.541],[-65.414,-27.54],[-65.413,-27.539],[-65.412,-27.539],[-65.412,-27.54],[-65.411,-27.538],[-65.41,-27.538],[-65.409,-27.539],[-65.408,-27.54],[-65.407,-27.54],[-65.407,-27.539],[-65.407,-27.538],[-65.406,-27.538],[-65.406,-27.537],[-65.405,-27.537],[-65.405,-27.538],[-65.404,-27.538],[-65.403,-27.539],[-65.402,-27.537],[-65.401,-27.537],[-65.401,-27.538],[-65.4,-27.538],[-65.4,-27.537],[-65.401,-27.537],[-65.401,-27.536],[-65.4,-27.536],[-65.401,-27.536],[-65.402,-27.535],[-65.402,-27.534],[-65.401,-27.534],[-65.401,-27.533],[-65.4,-27.533],[-65.399,-27.533],[-65.399,-27.532],[-65.398,-27.533],[-65.397,-27.533],[-65.397,-27.532],[-65.396,-27.533],[-65.396,-27.532],[-65.396,-27.533],[-65.395,-27.533],[-65.395,-27.534],[-65.394,-27.534],[-65.393,-27.534],[-65.393,-27.533],[-65.394,-27.533],[-65.393,-27.532],[-65.393,-27.533],[-65.392,-27.533],[-65.393,-27.533],[-65.392,-27.533],[-65.391,-27.533],[-65.391,-27.532],[-65.39,-27.532],[-65.389,-27.532],[-65.388,-27.532],[-65.387,-27.531],[-65.387,-27.532],[-65.386,-27.532],[-65.386,-27.531],[-65.386,-27.53],[-65.385,-27.531],[-65.385,-27.53],[-65.384,-27.53],[-65.383,-27.531],[-65.382,-27.531],[-65.381,-27.531],[-65.379,-27.531],[-65.379,-27.53],[-65.378,-27.53],[-65.376,-27.53],[-65.375,-27.53],[-65.374,-27.529],[-65.373,-27.529],[-65.373,-27.528],[-65.372,-27.529],[-65.372,-27.528],[-65.371,-27.528],[-65.37,-27.528],[-65.368,-27.528],[-65.368,-27.529],[-65.367,-27.53],[-65.366,-27.53],[-65.363,-27.53],[-65.361,-27.53],[-65.36,-27.529],[-65.36,-27.528],[-65.36,-27.527],[-65.359,-27.526],[-65.357,-27.527],[-65.354,-27.526],[-65.353,-27.526],[-65.353,-27.525],[-65.35,-27.525],[-65.349,-27.525],[-65.348,-27.524],[-65.347,-27.525],[-65.346,-27.526],[-65.345,-27.526],[-65.346,-27.528],[-65.345,-27.528],[-65.346,-27.529],[-65.345,-27.53],[-65.346,-27.532],[-65.345,-27.534],[-65.345,-27.535],[-65.343,-27.536],[-65.342,-27.537],[-65.337,-27.538],[-65.335,-27.537],[-65.335,-27.536],[-65.334,-27.536],[-65.333,-27.537],[-65.332,-27.538],[-65.331,-27.539],[-65.33,-27.54],[-65.329,-27.54],[-65.327,-27.54],[-65.327,-27.539],[-65.326,-27.539],[-65.326,-27.54],[-65.325,-27.54],[-65.326,-27.541],[-65.326,-27.542],[-65.324,-27.542],[-65.323,-27.542],[-65.322,-27.542],[-65.321,-27.541],[-65.321,-27.542],[-65.319,-27.541],[-65.318,-27.541],[-65.315,-27.541],[-65.313,-27.539],[-65.313,-27.538],[-65.311,-27.539],[-65.31,-27.538],[-65.309,-27.538],[-65.308,-27.538],[-65.306,-27.54],[-65.304,-27.54],[-65.302,-27.54],[-65.301,-27.541],[-65.301,-27.542],[-65.3,-27.543],[-65.299,-27.543],[-65.298,-27.543],[-65.297,-27.544],[-65.296,-27.543],[-65.295,-27.543],[-65.295,-27.542],[-65.294,-27.543],[-65.293,-27.543],[-65.294,-27.543],[-65.295,-27.545],[-65.294,-27.545],[-65.294,-27.546],[-65.295,-27.546],[-65.294,-27.547],[-65.293,-27.547],[-65.293,-27.546],[-65.291,-27.547],[-65.291,-27.546],[-65.291,-27.545],[-65.29,-27.546],[-65.289,-27.546],[-65.288,-27.546],[-65.288,-27.545],[-65.287,-27.545],[-65.287,-27.546],[-65.287,-27.547],[-65.287,-27.548],[-65.286,-27.548],[-65.286,-27.547],[-65.285,-27.547],[-65.285,-27.546],[-65.284,-27.546],[-65.284,-27.547],[-65.283,-27.547],[-65.283,-27.546],[-65.282,-27.546],[-65.28,-27.547],[-65.28,-27.548],[-65.28,-27.55],[-65.28,-27.551],[-65.279,-27.552],[-65.279,-27.553],[-65.278,-27.553],[-65.277,-27.553],[-65.276,-27.554],[-65.275,-27.554],[-65.274,-27.554],[-65.274,-27.555],[-65.275,-27.555],[-65.275,-27.556],[-65.274,-27.556],[-65.273,-27.555],[-65.272,-27.556],[-65.272,-27.557],[-65.271,-27.558],[-65.27,-27.557],[-65.27,-27.559],[-65.269,-27.559],[-65.267,-27.56],[-65.266,-27.559],[-65.266,-27.56],[-65.266,-27.561],[-65.266,-27.562],[-65.264,-27.562],[-65.263,-27.562],[-65.263,-27.563],[-65.262,-27.562],[-65.261,-27.563],[-65.261,-27.562],[-65.262,-27.562],[-65.262,-27.561],[-65.261,-27.561],[-65.26,-27.562],[-65.259,-27.562],[-65.259,-27.563],[-65.26,-27.563],[-65.26,-27.564],[-65.259,-27.564],[-65.258,-27.564],[-65.258,-27.563],[-65.257,-27.563],[-65.257,-27.562],[-65.257,-27.563],[-65.255,-27.564],[-65.254,-27.563],[-65.255,-27.563],[-65.254,-27.562],[-65.254,-27.561],[-65.253,-27.561],[-65.252,-27.561],[-65.25,-27.561],[-65.249,-27.561],[-65.249,-27.56],[-65.248,-27.561],[-65.247,-27.56],[-65.246,-27.561],[-65.246,-27.56],[-65.246,-27.559],[-65.245,-27.559],[-65.244,-27.56],[-65.243,-27.56],[-65.241,-27.561],[-65.24,-27.561],[-65.24,-27.56],[-65.239,-27.56],[-65.238,-27.56],[-65.236,-27.559],[-65.234,-27.56],[-65.233,-27.56],[-65.232,-27.559],[-65.231,-27.558],[-65.23,-27.559],[-65.227,-27.56],[-65.226,-27.561],[-65.224,-27.56],[-65.224,-27.561],[-65.223,-27.562],[-65.222,-27.562],[-65.22,-27.563],[-65.218,-27.563],[-65.215,-27.564],[-65.213,-27.563],[-65.212,-27.563],[-65.211,-27.563],[-65.21,-27.562],[-65.209,-27.562],[-65.207,-27.563],[-65.206,-27.562],[-65.205,-27.563],[-65.204,-27.563],[-65.203,-27.562],[-65.202,-27.562],[-65.2,-27.563],[-65.2,-27.562],[-65.199,-27.563],[-65.197,-27.564],[-65.196,-27.565],[-65.196,-27.566],[-65.195,-27.567],[-65.195,-27.568],[-65.193,-27.568],[-65.19,-27.566],[-65.188,-27.567],[-65.187,-27.566],[-65.186,-27.567],[-65.184,-27.567],[-65.184,-27.566],[-65.184,-27.565],[-65.183,-27.564],[-65.182,-27.565],[-65.179,-27.565],[-65.179,-27.566],[-65.179,-27.567],[-65.178,-27.567],[-65.178,-27.566],[-65.178,-27.567],[-65.176,-27.568],[-65.175,-27.569],[-65.173,-27.568],[-65.173,-27.567],[-65.172,-27.567],[-65.171,-27.566],[-65.17,-27.567],[-65.17,-27.566],[-65.169,-27.566],[-65.169,-27.567],[-65.169,-27.568],[-65.168,-27.568],[-65.167,-27.569],[-65.168,-27.57],[-65.167,-27.571],[-65.166,-27.572],[-65.166,-27.573],[-65.165,-27.573],[-65.165,-27.575],[-65.165,-27.576],[-65.164,-27.576],[-65.163,-27.577],[-65.164,-27.577],[-65.163,-27.578],[-65.164,-27.578],[-65.164,-27.579],[-65.163,-27.579],[-65.162,-27.579],[-65.161,-27.579],[-65.162,-27.58],[-65.162,-27.581],[-65.161,-27.582],[-65.16,-27.584],[-65.159,-27.586],[-65.157,-27.585],[-65.157,-27.586],[-65.153,-27.586],[-65.153,-27.587],[-65.152,-27.588],[-65.151,-27.587],[-65.15,-27.588],[-65.15,-27.587],[-65.148,-27.588],[-65.148,-27.587],[-65.147,-27.587],[-65.146,-27.586],[-65.145,-27.585],[-65.144,-27.584],[-65.142,-27.584],[-65.141,-27.583],[-65.14,-27.583],[-65.14,-27.582],[-65.138,-27.582],[-65.137,-27.581],[-65.135,-27.582],[-65.135,-27.581],[-65.133,-27.58],[-65.129,-27.579],[-65.128,-27.578],[-65.127,-27.578],[-65.125,-27.578],[-65.124,-27.578],[-65.123,-27.577],[-65.121,-27.577],[-65.119,-27.576],[-65.118,-27.575],[-65.117,-27.574],[-65.117,-27.573],[-65.116,-27.572],[-65.115,-27.572],[-65.115,-27.571],[-65.116,-27.571],[-65.117,-27.571],[-65.118,-27.571],[-65.117,-27.571],[-65.117,-27.57],[-65.116,-27.57],[-65.115,-27.568],[-65.114,-27.568],[-65.112,-27.57],[-65.111,-27.57],[-65.11,-27.571],[-65.108,-27.57],[-65.106,-27.57],[-65.106,-27.569],[-65.105,-27.569],[-65.103,-27.57],[-65.101,-27.57],[-65.099,-27.571],[-65.098,-27.572],[-65.098,-27.574],[-65.099,-27.575],[-65.099,-27.576],[-65.098,-27.577],[-65.097,-27.58],[-65.096,-27.582],[-65.095,-27.582],[-65.094,-27.582],[-65.091,-27.581],[-65.089,-27.582],[-65.087,-27.582],[-65.085,-27.582],[-65.083,-27.582],[-65.08,-27.582],[-65.079,-27.582],[-65.078,-27.583],[-65.075,-27.583],[-65.074,-27.583],[-65.073,-27.584],[-65.073,-27.586],[-65.072,-27.587],[-65.071,-27.587],[-65.069,-27.586],[-65.066,-27.583],[-65.065,-27.582],[-65.064,-27.581],[-65.062,-27.581],[-65.061,-27.581],[-65.061,-27.58],[-65.061,-27.579],[-65.062,-27.579],[-65.062,-27.578],[-65.061,-27.577],[-65.06,-27.576],[-65.059,-27.576],[-65.058,-27.575],[-65.057,-27.574],[-65.056,-27.574],[-65.055,-27.575],[-65.055,-27.576],[-65.054,-27.577],[-65.052,-27.577],[-65.046,-27.579],[-65.044,-27.578],[-65.039,-27.577],[-65.035,-27.578],[-65.036,-27.58],[-65.027,-27.587]]]}},{"type":"Feature","properties":{"departamento":"JUAN BAUTISTA ALBERDI","cabecera":"Juan Bautista Alberdi"},"geometry":{"type":"Polygon","coordinates":[[[-65.545,-27.542],[-65.544,-27.542],[-65.543,-27.542],[-65.539,-27.542],[-65.538,-27.542],[-65.537,-27.542],[-65.535,-27.541],[-65.532,-27.543],[-65.529,-27.544],[-65.527,-27.544],[-65.525,-27.545],[-65.523,-27.546],[-65.52,-27.545],[-65.518,-27.544],[-65.517,-27.543],[-65.518,-27.55],[-65.517,-27.55],[-65.52,-27.562],[-65.522,-27.566],[-65.527,-27.587],[-65.532,-27.609],[-65.535,-27.621],[-65.536,-27.62],[-65.537,-27.618],[-65.538,-27.616],[-65.538,-27.615],[-65.538,-27.613],[-65.54,-27.612],[-65.54,-27.611],[-65.541,-27.61],[-65.542,-27.61],[-65.544,-27.609],[-65.55,-27.609],[-65.552,-27.61],[-65.554,-27.611],[-65.555,-27.612],[-65.556,-27.613],[-65.56,-27.614],[-65.565,-27.615],[-65.567,-27.616],[-65.569,-27.617],[-65.57,-27.617],[-65.57,-27.615],[-65.571,-27.614],[-65.573,-27.615],[-65.574,-27.617],[-65.576,-27.618],[-65.577,-27.619],[-65.579,-27.62],[-65.581,-27.62],[-65.581,-27.621],[-65.582,-27.621],[-65.584,-27.621],[-65.584,-27.622],[-65.585,-27.623],[-65.586,-27.623],[-65.587,-27.623],[-65.588,-27.623],[-65.588,-27.622],[-65.588,-27.621],[-65.588,-27.62],[-65.589,-27.618],[-65.59,-27.617],[-65.591,-27.616],[-65.592,-27.615],[-65.594,-27.616],[-65.596,-27.615],[-65.597,-27.615],[-65.597,-27.616],[-65.595,-27.617],[-65.595,-27.618],[-65.596,-27.619],[-65.598,-27.619],[-65.6,-27.62],[-65.6,-27.621],[-65.598,-27.622],[-65.598,-27.623],[-65.598,-27.624],[-65.599,-27.625],[-65.6,-27.624],[-65.603,-27.624],[-65.605,-27.625],[-65.606,-27.625],[-65.607,-27.625],[-65.608,-27.625],[-65.608,-27.624],[-65.61,-27.624],[-65.611,-27.625],[-65.612,-27.626],[-65.611,-27.628],[-65.611,-27.629],[-65.611,-27.63],[-65.613,-27.63],[-65.615,-27.631],[-65.616,-27.631],[-65.619,-27.632],[-65.62,-27.632],[-65.62,-27.631],[-65.621,-27.629],[-65.623,-27.629],[-65.624,-27.629],[-65.626,-27.631],[-65.628,-27.631],[-65.629,-27.631],[-65.632,-27.631],[-65.633,-27.633],[-65.635,-27.631],[-65.636,-27.63],[-65.639,-27.63],[-65.64,-27.631],[-65.642,-27.632],[-65.647,-27.634],[-65.649,-27.633],[-65.654,-27.635],[-65.658,-27.634],[-65.66,-27.635],[-65.663,-27.636],[-65.664,-27.636],[-65.667,-27.635],[-65.668,-27.635],[-65.67,-27.635],[-65.671,-27.636],[-65.672,-27.636],[-65.677,-27.635],[-65.679,-27.635],[-65.681,-27.635],[-65.682,-27.634],[-65.683,-27.633],[-65.687,-27.631],[-65.689,-27.631],[-65.691,-27.631],[-65.692,-27.629],[-65.693,-27.628],[-65.694,-27.627],[-65.695,-27.622],[-65.695,-27.621],[-65.696,-27.618],[-65.701,-27.618],[-65.702,-27.617],[-65.703,-27.616],[-65.707,-27.612],[-65.71,-27.61],[-65.711,-27.61],[-65.712,-27.611],[-65.714,-27.61],[-65.715,-27.61],[-65.717,-27.609],[-65.721,-27.609],[-65.722,-27.609],[-65.725,-27.611],[-65.732,-27.611],[-65.734,-27.613],[-65.735,-27.614],[-65.736,-27.619],[-65.738,-27.621],[-65.741,-27.625],[-65.742,-27.628],[-65.743,-27.629],[-65.744,-27.63],[-65.744,-27.631],[-65.744,-27.633],[-65.742,-27.635],[-65.743,-27.635],[-65.746,-27.636],[-65.749,-27.638],[-65.75,-27.639],[-65.75,-27.641],[-65.75,-27.643],[-65.75,-27.645],[-65.75,-27.647],[-65.75,-27.65],[-65.75,-27.651],[-65.751,-27.651],[-65.752,-27.655],[-65.753,-27.657],[-65.752,-27.658],[-65.752,-27.66],[-65.751,-27.661],[-65.751,-27.662],[-65.752,-27.663],[-65.752,-27.664],[-65.75,-27.664],[-65.751,-27.665],[-65.75,-27.666],[-65.75,-27.669],[-65.749,-27.669],[-65.748,-27.671],[-65.747,-27.673],[-65.745,-27.674],[-65.745,-27.676],[-65.743,-27.677],[-65.742,-27.679],[-65.745,-27.679],[-65.746,-27.679],[-65.746,-27.68],[-65.746,-27.681],[-65.746,-27.682],[-65.747,-27.682],[-65.746,-27.684],[-65.746,-27.685],[-65.746,-27.686],[-65.747,-27.687],[-65.748,-27.688],[-65.746,-27.689],[-65.747,-27.689],[-65.747,-27.69],[-65.748,-27.69],[-65.747,-27.691],[-65.747,-27.692],[-65.747,-27.693],[-65.749,-27.696],[-65.75,-27.696],[-65.752,-27.696],[-65.753,-27.697],[-65.753,-27.698],[-65.752,-27.699],[-65.751,-27.7],[-65.752,-27.701],[-65.753,-27.701],[-65.754,-27.703],[-65.755,-27.703],[-65.754,-27.703],[-65.754,-27.704],[-65.754,-27.705],[-65.755,-27.706],[-65.756,-27.708],[-65.756,-27.709],[-65.757,-27.709],[-65.757,-27.711],[-65.756,-27.713],[-65.758,-27.718],[-65.758,-27.719],[-65.758,-27.721],[-65.76,-27.721],[-65.761,-27.72],[-65.762,-27.721],[-65.762,-27.722],[-65.761,-27.723],[-65.761,-27.724],[-65.761,-27.725],[-65.761,-27.727],[-65.761,-27.728],[-65.762,-27.728],[-65.763,-27.728],[-65.763,-27.73],[-65.761,-27.731],[-65.761,-27.732],[-65.762,-27.732],[-65.764,-27.733],[-65.763,-27.735],[-65.763,-27.736],[-65.762,-27.737],[-65.763,-27.737],[-65.765,-27.738],[-65.766,-27.738],[-65.767,-27.74],[-65.768,-27.739],[-65.769,-27.74],[-65.77,-27.74],[-65.77,-27.741],[-65.77,-27.742],[-65.767,-27.742],[-65.766,-27.742],[-65.766,-27.743],[-65.767,-27.743],[-65.766,-27.744],[-65.765,-27.746],[-65.764,-27.747],[-65.763,-27.748],[-65.762,-27.747],[-65.761,-27.747],[-65.759,-27.747],[-65.759,-27.748],[-65.76,-27.748],[-65.759,-27.749],[-65.759,-27.75],[-65.759,-27.751],[-65.76,-27.752],[-65.759,-27.753],[-65.759,-27.754],[-65.759,-27.755],[-65.758,-27.755],[-65.758,-27.756],[-65.757,-27.756],[-65.757,-27.757],[-65.757,-27.758],[-65.756,-27.759],[-65.757,-27.759],[-65.756,-27.76],[-65.757,-27.762],[-65.757,-27.763],[-65.759,-27.764],[-65.759,-27.765],[-65.759,-27.766],[-65.757,-27.767],[-65.757,-27.768],[-65.757,-27.769],[-65.755,-27.77],[-65.793,-27.783],[-65.794,-27.784],[-65.796,-27.785],[-65.797,-27.785],[-65.798,-27.786],[-65.799,-27.787],[-65.799,-27.789],[-65.798,-27.792],[-65.8,-27.794],[-65.8,-27.795],[-65.799,-27.796],[-65.798,-27.799],[-65.795,-27.8],[-65.795,-27.802],[-65.795,-27.804],[-65.795,-27.805],[-65.794,-27.806],[-65.795,-27.807],[-65.798,-27.806],[-65.799,-27.807],[-65.799,-27.809],[-65.801,-27.812],[-65.802,-27.815],[-65.803,-27.816],[-65.804,-27.817],[-65.805,-27.817],[-65.806,-27.817],[-65.807,-27.815],[-65.809,-27.816],[-65.809,-27.817],[-65.808,-27.819],[-65.808,-27.82],[-65.811,-27.82],[-65.814,-27.821],[-65.816,-27.821],[-65.818,-27.821],[-65.819,-27.82],[-65.82,-27.82],[-65.821,-27.82],[-65.822,-27.824],[-65.821,-27.824],[-65.82,-27.824],[-65.819,-27.824],[-65.816,-27.825],[-65.815,-27.826],[-65.815,-27.827],[-65.816,-27.827],[-65.817,-27.827],[-65.819,-27.826],[-65.82,-27.826],[-65.82,-27.827],[-65.82,-27.828],[-65.819,-27.828],[-65.819,-27.83],[-65.819,-27.833],[-65.82,-27.835],[-65.823,-27.839],[-65.825,-27.842],[-65.825,-27.844],[-65.826,-27.845],[-65.826,-27.846],[-65.828,-27.848],[-65.829,-27.849],[-65.829,-27.851],[-65.831,-27.851],[-65.832,-27.851],[-65.832,-27.849],[-65.833,-27.843],[-65.833,-27.837],[-65.831,-27.83],[-65.829,-27.82],[-65.829,-27.817],[-65.829,-27.814],[-65.83,-27.812],[-65.832,-27.811],[-65.833,-27.809],[-65.834,-27.807],[-65.835,-27.801],[-65.836,-27.797],[-65.838,-27.794],[-65.839,-27.788],[-65.841,-27.784],[-65.841,-27.78],[-65.845,-27.771],[-65.846,-27.765],[-65.845,-27.761],[-65.847,-27.755],[-65.848,-27.751],[-65.852,-27.743],[-65.853,-27.741],[-65.855,-27.733],[-65.859,-27.728],[-65.861,-27.724],[-65.862,-27.72],[-65.862,-27.715],[-65.864,-27.711],[-65.865,-27.709],[-65.863,-27.706],[-65.865,-27.702],[-65.866,-27.699],[-65.865,-27.692],[-65.865,-27.689],[-65.871,-27.682],[-65.874,-27.676],[-65.875,-27.672],[-65.915,-27.669],[-65.916,-27.666],[-65.917,-27.663],[-65.919,-27.662],[-65.92,-27.661],[-65.92,-27.659],[-65.921,-27.658],[-65.923,-27.656],[-65.923,-27.653],[-65.924,-27.65],[-65.926,-27.649],[-65.928,-27.647],[-65.929,-27.644],[-65.929,-27.642],[-65.931,-27.64],[-65.932,-27.638],[-65.933,-27.636],[-65.934,-27.631],[-65.935,-27.629],[-65.935,-27.626],[-65.936,-27.621],[-65.939,-27.619],[-65.94,-27.616],[-65.94,-27.609],[-65.943,-27.604],[-65.944,-27.595],[-65.949,-27.589],[-65.949,-27.586],[-65.951,-27.581],[-65.952,-27.579],[-65.954,-27.578],[-65.955,-27.576],[-65.956,-27.572],[-65.956,-27.571],[-65.951,-27.566],[-65.95,-27.562],[-65.956,-27.555],[-65.958,-27.553],[-65.96,-27.551],[-65.96,-27.55],[-65.961,-27.548],[-65.963,-27.547],[-65.964,-27.546],[-65.966,-27.544],[-65.965,-27.54],[-65.965,-27.538],[-65.969,-27.528],[-65.971,-27.525],[-65.971,-27.523],[-65.97,-27.522],[-65.968,-27.519],[-65.967,-27.518],[-65.967,-27.516],[-65.968,-27.516],[-65.969,-27.513],[-65.97,-27.509],[-65.972,-27.507],[-65.973,-27.505],[-65.974,-27.503],[-65.974,-27.5],[-65.976,-27.494],[-65.974,-27.49],[-65.973,-27.485],[-65.973,-27.481],[-65.973,-27.477],[-65.973,-27.467],[-65.974,-27.463],[-65.975,-27.454],[-65.974,-27.449],[-65.975,-27.443],[-65.975,-27.44],[-65.973,-27.437],[-65.968,-27.429],[-65.97,-27.428],[-65.972,-27.425],[-65.973,-27.42],[-65.935,-27.436],[-65.933,-27.437],[-65.93,-27.44],[-65.932,-27.459],[-65.932,-27.469],[-65.927,-27.477],[-65.921,-27.482],[-65.913,-27.493],[-65.909,-27.496],[-65.899,-27.502],[-65.891,-27.508],[-65.879,-27.515],[-65.78,-27.532],[-65.779,-27.532],[-65.779,-27.531],[-65.777,-27.531],[-65.776,-27.532],[-65.774,-27.533],[-65.771,-27.532],[-65.77,-27.531],[-65.768,-27.53],[-65.765,-27.531],[-65.764,-27.532],[-65.763,-27.531],[-65.762,-27.53],[-65.761,-27.531],[-65.758,-27.53],[-65.758,-27.529],[-65.759,-27.529],[-65.759,-27.528],[-65.759,-27.527],[-65.758,-27.527],[-65.757,-27.528],[-65.757,-27.529],[-65.756,-27.53],[-65.755,-27.529],[-65.755,-27.528],[-65.754,-27.529],[-65.754,-27.528],[-65.753,-27.529],[-65.752,-27.528],[-65.752,-27.53],[-65.751,-27.531],[-65.752,-27.532],[-65.75,-27.532],[-65.751,-27.534],[-65.75,-27.535],[-65.749,-27.535],[-65.749,-27.536],[-65.749,-27.538],[-65.749,-27.539],[-65.747,-27.539],[-65.743,-27.54],[-65.743,-27.539],[-65.743,-27.538],[-65.74,-27.539],[-65.74,-27.54],[-65.74,-27.541],[-65.738,-27.54],[-65.738,-27.539],[-65.736,-27.54],[-65.734,-27.538],[-65.734,-27.539],[-65.733,-27.54],[-65.732,-27.54],[-65.731,-27.541],[-65.728,-27.539],[-65.727,-27.539],[-65.727,-27.541],[-65.727,-27.542],[-65.725,-27.541],[-65.725,-27.54],[-65.724,-27.541],[-65.723,-27.541],[-65.723,-27.54],[-65.722,-27.539],[-65.723,-27.538],[-65.721,-27.538],[-65.72,-27.537],[-65.718,-27.538],[-65.718,-27.537],[-65.716,-27.537],[-65.715,-27.537],[-65.714,-27.536],[-65.712,-27.537],[-65.711,-27.537],[-65.711,-27.536],[-65.713,-27.536],[-65.714,-27.536],[-65.713,-27.535],[-65.71,-27.535],[-65.707,-27.537],[-65.705,-27.536],[-65.704,-27.536],[-65.702,-27.538],[-65.701,-27.537],[-65.702,-27.537],[-65.7,-27.538],[-65.7,-27.537],[-65.699,-27.537],[-65.7,-27.536],[-65.699,-27.536],[-65.698,-27.537],[-65.697,-27.535],[-65.696,-27.536],[-65.695,-27.535],[-65.694,-27.536],[-65.693,-27.536],[-65.693,-27.535],[-65.693,-27.536],[-65.692,-27.536],[-65.692,-27.534],[-65.691,-27.534],[-65.691,-27.535],[-65.69,-27.534],[-65.69,-27.535],[-65.689,-27.536],[-65.69,-27.536],[-65.688,-27.537],[-65.687,-27.537],[-65.688,-27.536],[-65.688,-27.535],[-65.687,-27.535],[-65.686,-27.535],[-65.685,-27.536],[-65.684,-27.536],[-65.684,-27.535],[-65.683,-27.534],[-65.68,-27.534],[-65.68,-27.533],[-65.679,-27.532],[-65.678,-27.532],[-65.677,-27.532],[-65.677,-27.533],[-65.676,-27.532],[-65.676,-27.531],[-65.675,-27.532],[-65.675,-27.53],[-65.673,-27.529],[-65.672,-27.53],[-65.671,-27.53],[-65.672,-27.529],[-65.673,-27.528],[-65.673,-27.527],[-65.672,-27.526],[-65.671,-27.525],[-65.668,-27.525],[-65.667,-27.523],[-65.667,-27.522],[-65.665,-27.522],[-65.664,-27.521],[-65.663,-27.52],[-65.662,-27.52],[-65.663,-27.521],[-65.664,-27.522],[-65.665,-27.522],[-65.665,-27.523],[-65.664,-27.523],[-65.663,-27.523],[-65.662,-27.523],[-65.663,-27.523],[-65.663,-27.524],[-65.663,-27.525],[-65.663,-27.526],[-65.663,-27.527],[-65.662,-27.527],[-65.661,-27.527],[-65.66,-27.527],[-65.661,-27.527],[-65.66,-27.526],[-65.66,-27.527],[-65.659,-27.527],[-65.658,-27.527],[-65.658,-27.528],[-65.654,-27.527],[-65.653,-27.526],[-65.651,-27.527],[-65.65,-27.527],[-65.649,-27.526],[-65.651,-27.526],[-65.652,-27.526],[-65.652,-27.525],[-65.651,-27.524],[-65.65,-27.524],[-65.649,-27.524],[-65.649,-27.523],[-65.65,-27.523],[-65.65,-27.522],[-65.648,-27.522],[-65.649,-27.52],[-65.647,-27.521],[-65.646,-27.52],[-65.647,-27.519],[-65.646,-27.519],[-65.645,-27.519],[-65.644,-27.518],[-65.643,-27.519],[-65.642,-27.519],[-65.641,-27.519],[-65.641,-27.518],[-65.64,-27.518],[-65.64,-27.519],[-65.638,-27.518],[-65.637,-27.519],[-65.637,-27.518],[-65.636,-27.518],[-65.635,-27.517],[-65.633,-27.517],[-65.632,-27.517],[-65.631,-27.518],[-65.63,-27.517],[-65.629,-27.518],[-65.629,-27.517],[-65.628,-27.517],[-65.628,-27.518],[-65.629,-27.519],[-65.628,-27.519],[-65.627,-27.519],[-65.626,-27.52],[-65.624,-27.519],[-65.624,-27.52],[-65.625,-27.52],[-65.625,-27.521],[-65.624,-27.521],[-65.623,-27.52],[-65.623,-27.521],[-65.623,-27.522],[-65.619,-27.521],[-65.618,-27.522],[-65.617,-27.521],[-65.616,-27.521],[-65.617,-27.52],[-65.618,-27.52],[-65.616,-27.518],[-65.615,-27.518],[-65.616,-27.519],[-65.615,-27.519],[-65.614,-27.519],[-65.613,-27.518],[-65.612,-27.518],[-65.612,-27.517],[-65.611,-27.517],[-65.61,-27.517],[-65.609,-27.516],[-65.608,-27.517],[-65.607,-27.516],[-65.607,-27.517],[-65.606,-27.517],[-65.605,-27.517],[-65.605,-27.516],[-65.604,-27.517],[-65.603,-27.517],[-65.601,-27.516],[-65.602,-27.517],[-65.601,-27.517],[-65.6,-27.517],[-65.599,-27.517],[-65.598,-27.517],[-65.595,-27.517],[-65.593,-27.516],[-65.592,-27.517],[-65.589,-27.518],[-65.587,-27.519],[-65.584,-27.52],[-65.581,-27.519],[-65.579,-27.519],[-65.578,-27.519],[-65.577,-27.521],[-65.578,-27.522],[-65.577,-27.525],[-65.575,-27.525],[-65.574,-27.526],[-65.573,-27.527],[-65.571,-27.527],[-65.57,-27.528],[-65.568,-27.529],[-65.567,-27.529],[-65.566,-27.529],[-65.565,-27.529],[-65.562,-27.531],[-65.561,-27.532],[-65.559,-27.535],[-65.557,-27.535],[-65.556,-27.536],[-65.554,-27.536],[-65.553,-27.538],[-65.551,-27.54],[-65.549,-27.54],[-65.548,-27.54],[-65.547,-27.541],[-65.545,-27.542]]]}},{"type":"Feature","properties":{"departamento":"RIO CHICO","cabecera":"Aguilares"},"geometry":{"type":"Polygon","coordinates":[[[-65.549,-27.431],[-65.549,-27.433],[-65.549,-27.434],[-65.551,-27.45],[-65.558,-27.48],[-65.557,-27.481],[-65.555,-27.482],[-65.555,-27.484],[-65.556,-27.485],[-65.556,-27.486],[-65.555,-27.487],[-65.553,-27.488],[-65.552,-27.488],[-65.55,-27.486],[-65.549,-27.486],[-65.546,-27.486],[-65.544,-27.486],[-65.543,-27.487],[-65.542,-27.49],[-65.541,-27.49],[-65.541,-27.491],[-65.539,-27.49],[-65.538,-27.49],[-65.538,-27.487],[-65.539,-27.485],[-65.54,-27.483],[-65.539,-27.482],[-65.538,-27.48],[-65.537,-27.48],[-65.536,-27.48],[-65.534,-27.484],[-65.533,-27.485],[-65.532,-27.485],[-65.545,-27.542],[-65.547,-27.541],[-65.548,-27.54],[-65.549,-27.54],[-65.551,-27.54],[-65.553,-27.538],[-65.554,-27.536],[-65.556,-27.536],[-65.557,-27.535],[-65.559,-27.535],[-65.561,-27.532],[-65.562,-27.531],[-65.565,-27.529],[-65.566,-27.529],[-65.567,-27.529],[-65.568,-27.529],[-65.57,-27.528],[-65.571,-27.527],[-65.573,-27.527],[-65.574,-27.526],[-65.575,-27.525],[-65.577,-27.525],[-65.578,-27.522],[-65.577,-27.521],[-65.578,-27.519],[-65.579,-27.519],[-65.581,-27.519],[-65.584,-27.52],[-65.587,-27.519],[-65.589,-27.518],[-65.592,-27.517],[-65.593,-27.516],[-65.595,-27.517],[-65.598,-27.517],[-65.599,-27.517],[-65.6,-27.517],[-65.601,-27.517],[-65.602,-27.517],[-65.601,-27.516],[-65.603,-27.517],[-65.604,-27.517],[-65.605,-27.516],[-65.605,-27.517],[-65.606,-27.517],[-65.607,-27.517],[-65.607,-27.516],[-65.608,-27.517],[-65.609,-27.516],[-65.61,-27.516],[-65.61,-27.517],[-65.611,-27.517],[-65.612,-27.517],[-65.612,-27.518],[-65.613,-27.518],[-65.614,-27.519],[-65.615,-27.519],[-65.616,-27.519],[-65.615,-27.518],[-65.616,-27.518],[-65.618,-27.52],[-65.617,-27.52],[-65.616,-27.521],[-65.617,-27.521],[-65.618,-27.522],[-65.619,-27.521],[-65.623,-27.522],[-65.623,-27.521],[-65.623,-27.52],[-65.624,-27.521],[-65.625,-27.521],[-65.625,-27.52],[-65.624,-27.52],[-65.624,-27.519],[-65.626,-27.52],[-65.627,-27.519],[-65.628,-27.519],[-65.629,-27.519],[-65.628,-27.518],[-65.628,-27.517],[-65.629,-27.517],[-65.629,-27.518],[-65.63,-27.517],[-65.631,-27.518],[-65.632,-27.517],[-65.633,-27.517],[-65.635,-27.517],[-65.636,-27.518],[-65.637,-27.518],[-65.637,-27.519],[-65.638,-27.518],[-65.64,-27.519],[-65.64,-27.518],[-65.641,-27.518],[-65.641,-27.519],[-65.642,-27.519],[-65.643,-27.519],[-65.644,-27.518],[-65.645,-27.519],[-65.646,-27.519],[-65.647,-27.519],[-65.646,-27.52],[-65.647,-27.521],[-65.649,-27.52],[-65.648,-27.522],[-65.65,-27.522],[-65.65,-27.523],[-65.649,-27.523],[-65.649,-27.524],[-65.65,-27.524],[-65.651,-27.524],[-65.652,-27.525],[-65.652,-27.526],[-65.651,-27.526],[-65.649,-27.526],[-65.65,-27.527],[-65.651,-27.527],[-65.653,-27.526],[-65.654,-27.527],[-65.658,-27.528],[-65.658,-27.527],[-65.659,-27.527],[-65.66,-27.527],[-65.66,-27.526],[-65.661,-27.527],[-65.66,-27.527],[-65.661,-27.527],[-65.662,-27.527],[-65.663,-27.527],[-65.663,-27.526],[-65.663,-27.525],[-65.663,-27.524],[-65.663,-27.523],[-65.662,-27.523],[-65.663,-27.523],[-65.664,-27.523],[-65.665,-27.523],[-65.665,-27.522],[-65.664,-27.522],[-65.663,-27.521],[-65.662,-27.52],[-65.663,-27.52],[-65.664,-27.521],[-65.665,-27.522],[-65.667,-27.522],[-65.667,-27.523],[-65.668,-27.525],[-65.671,-27.525],[-65.672,-27.526],[-65.673,-27.527],[-65.673,-27.528],[-65.672,-27.529],[-65.671,-27.53],[-65.672,-27.53],[-65.673,-27.529],[-65.675,-27.53],[-65.675,-27.532],[-65.676,-27.531],[-65.676,-27.532],[-65.677,-27.533],[-65.677,-27.532],[-65.678,-27.532],[-65.679,-27.532],[-65.68,-27.533],[-65.68,-27.534],[-65.683,-27.534],[-65.684,-27.535],[-65.684,-27.536],[-65.685,-27.536],[-65.686,-27.535],[-65.687,-27.535],[-65.688,-27.535],[-65.688,-27.536],[-65.687,-27.537],[-65.688,-27.537],[-65.69,-27.536],[-65.689,-27.536],[-65.69,-27.535],[-65.69,-27.534],[-65.691,-27.535],[-65.691,-27.534],[-65.692,-27.534],[-65.692,-27.536],[-65.693,-27.536],[-65.693,-27.535],[-65.693,-27.536],[-65.694,-27.536],[-65.695,-27.535],[-65.696,-27.536],[-65.697,-27.535],[-65.698,-27.537],[-65.699,-27.536],[-65.7,-27.536],[-65.699,-27.537],[-65.7,-27.537],[-65.7,-27.538],[-65.702,-27.537],[-65.701,-27.537],[-65.702,-27.538],[-65.704,-27.536],[-65.705,-27.536],[-65.707,-27.537],[-65.71,-27.535],[-65.713,-27.535],[-65.714,-27.536],[-65.713,-27.536],[-65.711,-27.536],[-65.711,-27.537],[-65.712,-27.537],[-65.714,-27.536],[-65.715,-27.537],[-65.716,-27.537],[-65.718,-27.537],[-65.718,-27.538],[-65.72,-27.537],[-65.721,-27.538],[-65.723,-27.538],[-65.722,-27.539],[-65.723,-27.54],[-65.723,-27.541],[-65.724,-27.541],[-65.725,-27.54],[-65.725,-27.541],[-65.727,-27.542],[-65.727,-27.541],[-65.727,-27.539],[-65.728,-27.539],[-65.731,-27.541],[-65.732,-27.54],[-65.733,-27.54],[-65.734,-27.539],[-65.734,-27.538],[-65.736,-27.54],[-65.738,-27.539],[-65.738,-27.54],[-65.74,-27.541],[-65.74,-27.54],[-65.74,-27.539],[-65.743,-27.538],[-65.743,-27.539],[-65.743,-27.54],[-65.747,-27.539],[-65.749,-27.539],[-65.749,-27.538],[-65.749,-27.536],[-65.749,-27.535],[-65.75,-27.535],[-65.751,-27.534],[-65.75,-27.532],[-65.752,-27.532],[-65.751,-27.531],[-65.752,-27.53],[-65.752,-27.528],[-65.753,-27.529],[-65.754,-27.528],[-65.754,-27.529],[-65.755,-27.528],[-65.755,-27.529],[-65.756,-27.53],[-65.757,-27.529],[-65.757,-27.528],[-65.758,-27.527],[-65.759,-27.527],[-65.759,-27.528],[-65.759,-27.529],[-65.758,-27.529],[-65.758,-27.53],[-65.761,-27.531],[-65.762,-27.53],[-65.763,-27.531],[-65.764,-27.532],[-65.765,-27.531],[-65.768,-27.53],[-65.77,-27.531],[-65.771,-27.532],[-65.774,-27.533],[-65.776,-27.532],[-65.777,-27.531],[-65.779,-27.531],[-65.779,-27.532],[-65.78,-27.532],[-65.879,-27.515],[-65.891,-27.508],[-65.899,-27.502],[-65.909,-27.496],[-65.913,-27.493],[-65.921,-27.482],[-65.927,-27.477],[-65.932,-27.469],[-65.932,-27.459],[-65.93,-27.44],[-65.933,-27.437],[-65.935,-27.436],[-65.973,-27.42],[-65.973,-27.418],[-65.974,-27.415],[-65.974,-27.412],[-65.972,-27.41],[-65.969,-27.406],[-65.968,-27.399],[-65.966,-27.399],[-65.965,-27.399],[-65.964,-27.4],[-65.96,-27.402],[-65.958,-27.402],[-65.958,-27.401],[-65.958,-27.4],[-65.957,-27.399],[-65.954,-27.398],[-65.952,-27.399],[-65.951,-27.398],[-65.948,-27.398],[-65.947,-27.399],[-65.945,-27.399],[-65.944,-27.402],[-65.942,-27.401],[-65.941,-27.401],[-65.94,-27.402],[-65.939,-27.404],[-65.938,-27.403],[-65.937,-27.402],[-65.936,-27.402],[-65.935,-27.403],[-65.934,-27.403],[-65.933,-27.401],[-65.932,-27.401],[-65.932,-27.4],[-65.933,-27.399],[-65.933,-27.397],[-65.935,-27.394],[-65.935,-27.393],[-65.932,-27.392],[-65.928,-27.39],[-65.927,-27.389],[-65.928,-27.388],[-65.93,-27.386],[-65.931,-27.385],[-65.93,-27.383],[-65.929,-27.383],[-65.926,-27.383],[-65.925,-27.383],[-65.922,-27.384],[-65.921,-27.383],[-65.92,-27.383],[-65.92,-27.382],[-65.92,-27.38],[-65.919,-27.38],[-65.918,-27.38],[-65.917,-27.378],[-65.916,-27.377],[-65.913,-27.377],[-65.913,-27.376],[-65.911,-27.376],[-65.911,-27.374],[-65.91,-27.374],[-65.909,-27.375],[-65.909,-27.374],[-65.908,-27.374],[-65.905,-27.372],[-65.903,-27.37],[-65.902,-27.368],[-65.901,-27.367],[-65.9,-27.367],[-65.898,-27.369],[-65.897,-27.369],[-65.897,-27.37],[-65.896,-27.371],[-65.895,-27.37],[-65.893,-27.37],[-65.893,-27.369],[-65.893,-27.368],[-65.893,-27.367],[-65.892,-27.367],[-65.89,-27.369],[-65.889,-27.37],[-65.888,-27.37],[-65.886,-27.37],[-65.881,-27.369],[-65.879,-27.368],[-65.878,-27.368],[-65.875,-27.37],[-65.874,-27.371],[-65.872,-27.371],[-65.87,-27.37],[-65.867,-27.369],[-65.863,-27.369],[-65.861,-27.368],[-65.859,-27.365],[-65.857,-27.364],[-65.856,-27.363],[-65.855,-27.362],[-65.854,-27.362],[-65.852,-27.361],[-65.849,-27.362],[-65.847,-27.361],[-65.844,-27.362],[-65.843,-27.362],[-65.841,-27.363],[-65.836,-27.364],[-65.835,-27.364],[-65.835,-27.363],[-65.832,-27.362],[-65.828,-27.362],[-65.827,-27.362],[-65.825,-27.362],[-65.819,-27.36],[-65.817,-27.358],[-65.813,-27.357],[-65.808,-27.358],[-65.807,-27.358],[-65.806,-27.358],[-65.802,-27.358],[-65.801,-27.356],[-65.797,-27.355],[-65.795,-27.355],[-65.793,-27.356],[-65.792,-27.357],[-65.791,-27.357],[-65.787,-27.359],[-65.785,-27.358],[-65.783,-27.359],[-65.782,-27.359],[-65.78,-27.359],[-65.778,-27.358],[-65.776,-27.357],[-65.772,-27.358],[-65.77,-27.36],[-65.767,-27.36],[-65.766,-27.36],[-65.765,-27.359],[-65.764,-27.359],[-65.762,-27.358],[-65.759,-27.358],[-65.758,-27.358],[-65.755,-27.357],[-65.754,-27.357],[-65.753,-27.357],[-65.752,-27.358],[-65.75,-27.359],[-65.749,-27.36],[-65.746,-27.36],[-65.743,-27.359],[-65.741,-27.357],[-65.738,-27.357],[-65.736,-27.357],[-65.734,-27.356],[-65.733,-27.356],[-65.73,-27.355],[-65.729,-27.356],[-65.728,-27.355],[-65.727,-27.356],[-65.726,-27.356],[-65.725,-27.356],[-65.724,-27.356],[-65.722,-27.357],[-65.719,-27.357],[-65.718,-27.358],[-65.717,-27.358],[-65.717,-27.359],[-65.714,-27.36],[-65.713,-27.362],[-65.711,-27.363],[-65.711,-27.364],[-65.708,-27.367],[-65.703,-27.367],[-65.699,-27.368],[-65.698,-27.369],[-65.697,-27.371],[-65.696,-27.371],[-65.695,-27.373],[-65.693,-27.373],[-65.691,-27.375],[-65.69,-27.375],[-65.687,-27.376],[-65.686,-27.377],[-65.685,-27.379],[-65.684,-27.379],[-65.681,-27.381],[-65.68,-27.381],[-65.679,-27.382],[-65.679,-27.383],[-65.678,-27.384],[-65.677,-27.385],[-65.676,-27.386],[-65.676,-27.387],[-65.675,-27.388],[-65.676,-27.388],[-65.673,-27.39],[-65.673,-27.391],[-65.672,-27.392],[-65.67,-27.393],[-65.669,-27.394],[-65.669,-27.395],[-65.669,-27.396],[-65.668,-27.396],[-65.667,-27.397],[-65.666,-27.397],[-65.665,-27.398],[-65.662,-27.398],[-65.66,-27.399],[-65.659,-27.4],[-65.66,-27.402],[-65.659,-27.403],[-65.659,-27.404],[-65.658,-27.406],[-65.655,-27.408],[-65.653,-27.408],[-65.649,-27.406],[-65.649,-27.403],[-65.648,-27.402],[-65.646,-27.401],[-65.644,-27.402],[-65.643,-27.403],[-65.643,-27.405],[-65.644,-27.405],[-65.644,-27.406],[-65.644,-27.411],[-65.643,-27.412],[-65.642,-27.414],[-65.641,-27.414],[-65.641,-27.413],[-65.642,-27.409],[-65.64,-27.409],[-65.639,-27.408],[-65.638,-27.408],[-65.638,-27.409],[-65.638,-27.411],[-65.637,-27.411],[-65.635,-27.411],[-65.632,-27.41],[-65.631,-27.41],[-65.631,-27.411],[-65.629,-27.413],[-65.628,-27.413],[-65.627,-27.411],[-65.626,-27.411],[-65.626,-27.412],[-65.626,-27.413],[-65.626,-27.414],[-65.623,-27.416],[-65.62,-27.419],[-65.618,-27.42],[-65.617,-27.42],[-65.613,-27.411],[-65.613,-27.409],[-65.609,-27.409],[-65.609,-27.411],[-65.609,-27.412],[-65.608,-27.412],[-65.609,-27.413],[-65.61,-27.415],[-65.61,-27.421],[-65.607,-27.42],[-65.606,-27.419],[-65.606,-27.418],[-65.607,-27.417],[-65.606,-27.417],[-65.608,-27.416],[-65.608,-27.415],[-65.608,-27.413],[-65.607,-27.411],[-65.605,-27.41],[-65.603,-27.41],[-65.601,-27.411],[-65.599,-27.411],[-65.599,-27.412],[-65.599,-27.419],[-65.593,-27.417],[-65.589,-27.417],[-65.587,-27.418],[-65.586,-27.418],[-65.585,-27.418],[-65.584,-27.417],[-65.583,-27.417],[-65.581,-27.416],[-65.58,-27.417],[-65.578,-27.418],[-65.577,-27.419],[-65.576,-27.421],[-65.575,-27.422],[-65.574,-27.422],[-65.572,-27.421],[-65.572,-27.419],[-65.57,-27.418],[-65.569,-27.419],[-65.568,-27.42],[-65.567,-27.42],[-65.566,-27.422],[-65.565,-27.422],[-65.562,-27.421],[-65.561,-27.419],[-65.559,-27.417],[-65.558,-27.416],[-65.555,-27.416],[-65.554,-27.417],[-65.554,-27.418],[-65.555,-27.42],[-65.556,-27.421],[-65.555,-27.421],[-65.554,-27.422],[-65.554,-27.423],[-65.554,-27.424],[-65.552,-27.426],[-65.551,-27.427],[-65.55,-27.428],[-65.549,-27.431]]]}},{"type":"Feature","properties":{"departamento":"CHICLIGASTA","cabecera":"Concepción"},"geometry":{"type":"Polygon","coordinates":[[[-65.47,-27.3],[-65.467,-27.301],[-65.466,-27.301],[-65.466,-27.302],[-65.466,-27.303],[-65.465,-27.303],[-65.464,-27.303],[-65.468,-27.32],[-65.469,-27.32],[-65.47,-27.324],[-65.462,-27.325],[-65.463,-27.327],[-65.461,-27.327],[-65.464,-27.337],[-65.474,-27.375],[-65.475,-27.376],[-65.476,-27.378],[-65.478,-27.382],[-65.478,-27.383],[-65.478,-27.384],[-65.478,-27.385],[-65.478,-27.387],[-65.474,-27.389],[-65.473,-27.39],[-65.471,-27.395],[-65.47,-27.396],[-65.469,-27.396],[-65.468,-27.396],[-65.466,-27.395],[-65.464,-27.394],[-65.462,-27.394],[-65.462,-27.396],[-65.463,-27.396],[-65.465,-27.406],[-65.466,-27.407],[-65.468,-27.413],[-65.469,-27.412],[-65.471,-27.422],[-65.482,-27.422],[-65.479,-27.409],[-65.48,-27.408],[-65.48,-27.407],[-65.481,-27.407],[-65.482,-27.406],[-65.485,-27.406],[-65.486,-27.406],[-65.487,-27.405],[-65.492,-27.422],[-65.495,-27.421],[-65.498,-27.433],[-65.5,-27.433],[-65.503,-27.433],[-65.504,-27.434],[-65.506,-27.435],[-65.507,-27.436],[-65.509,-27.435],[-65.51,-27.434],[-65.511,-27.431],[-65.511,-27.43],[-65.513,-27.429],[-65.514,-27.43],[-65.515,-27.432],[-65.516,-27.433],[-65.518,-27.433],[-65.519,-27.433],[-65.52,-27.431],[-65.52,-27.43],[-65.521,-27.428],[-65.523,-27.427],[-65.524,-27.427],[-65.525,-27.427],[-65.526,-27.426],[-65.528,-27.426],[-65.527,-27.426],[-65.525,-27.427],[-65.526,-27.427],[-65.527,-27.428],[-65.529,-27.432],[-65.53,-27.433],[-65.531,-27.433],[-65.532,-27.433],[-65.532,-27.432],[-65.534,-27.432],[-65.535,-27.431],[-65.536,-27.431],[-65.537,-27.432],[-65.539,-27.432],[-65.541,-27.431],[-65.543,-27.432],[-65.545,-27.432],[-65.547,-27.432],[-65.549,-27.431],[-65.55,-27.428],[-65.551,-27.427],[-65.552,-27.426],[-65.554,-27.424],[-65.554,-27.423],[-65.554,-27.422],[-65.555,-27.421],[-65.556,-27.421],[-65.555,-27.42],[-65.554,-27.418],[-65.554,-27.417],[-65.555,-27.416],[-65.558,-27.416],[-65.559,-27.417],[-65.561,-27.419],[-65.562,-27.421],[-65.565,-27.422],[-65.566,-27.422],[-65.567,-27.42],[-65.568,-27.42],[-65.569,-27.419],[-65.57,-27.418],[-65.572,-27.419],[-65.572,-27.421],[-65.574,-27.422],[-65.575,-27.422],[-65.576,-27.421],[-65.577,-27.419],[-65.578,-27.418],[-65.58,-27.417],[-65.581,-27.416],[-65.583,-27.417],[-65.584,-27.417],[-65.585,-27.418],[-65.586,-27.418],[-65.587,-27.418],[-65.589,-27.417],[-65.593,-27.417],[-65.599,-27.419],[-65.599,-27.412],[-65.599,-27.411],[-65.601,-27.411],[-65.603,-27.41],[-65.605,-27.41],[-65.607,-27.411],[-65.608,-27.413],[-65.608,-27.415],[-65.608,-27.416],[-65.606,-27.417],[-65.607,-27.417],[-65.606,-27.418],[-65.606,-27.419],[-65.607,-27.42],[-65.61,-27.421],[-65.61,-27.415],[-65.609,-27.413],[-65.608,-27.412],[-65.609,-27.412],[-65.609,-27.411],[-65.609,-27.409],[-65.613,-27.409],[-65.613,-27.411],[-65.617,-27.42],[-65.618,-27.42],[-65.62,-27.419],[-65.623,-27.416],[-65.626,-27.414],[-65.626,-27.413],[-65.626,-27.412],[-65.626,-27.411],[-65.627,-27.411],[-65.628,-27.413],[-65.629,-27.413],[-65.631,-27.411],[-65.631,-27.41],[-65.632,-27.41],[-65.635,-27.411],[-65.637,-27.411],[-65.638,-27.411],[-65.638,-27.409],[-65.638,-27.408],[-65.639,-27.408],[-65.64,-27.409],[-65.642,-27.409],[-65.641,-27.413],[-65.641,-27.414],[-65.642,-27.414],[-65.643,-27.412],[-65.644,-27.411],[-65.644,-27.406],[-65.644,-27.405],[-65.643,-27.405],[-65.643,-27.403],[-65.644,-27.402],[-65.646,-27.401],[-65.648,-27.402],[-65.649,-27.403],[-65.649,-27.406],[-65.653,-27.408],[-65.655,-27.408],[-65.658,-27.406],[-65.659,-27.404],[-65.659,-27.403],[-65.66,-27.402],[-65.659,-27.4],[-65.66,-27.399],[-65.662,-27.398],[-65.665,-27.398],[-65.666,-27.397],[-65.667,-27.397],[-65.668,-27.396],[-65.669,-27.396],[-65.669,-27.395],[-65.669,-27.394],[-65.67,-27.393],[-65.672,-27.392],[-65.673,-27.391],[-65.673,-27.39],[-65.676,-27.388],[-65.675,-27.388],[-65.676,-27.387],[-65.676,-27.386],[-65.677,-27.385],[-65.678,-27.384],[-65.679,-27.383],[-65.679,-27.382],[-65.68,-27.381],[-65.681,-27.381],[-65.684,-27.379],[-65.685,-27.379],[-65.686,-27.377],[-65.687,-27.376],[-65.69,-27.375],[-65.691,-27.375],[-65.693,-27.373],[-65.695,-27.373],[-65.696,-27.371],[-65.697,-27.371],[-65.698,-27.369],[-65.699,-27.368],[-65.703,-27.367],[-65.708,-27.367],[-65.711,-27.364],[-65.711,-27.363],[-65.713,-27.362],[-65.714,-27.36],[-65.717,-27.359],[-65.717,-27.358],[-65.718,-27.358],[-65.719,-27.357],[-65.722,-27.357],[-65.724,-27.356],[-65.725,-27.356],[-65.726,-27.356],[-65.727,-27.356],[-65.728,-27.355],[-65.729,-27.356],[-65.73,-27.355],[-65.733,-27.356],[-65.734,-27.356],[-65.736,-27.357],[-65.738,-27.357],[-65.741,-27.357],[-65.743,-27.359],[-65.746,-27.36],[-65.749,-27.36],[-65.75,-27.359],[-65.752,-27.358],[-65.753,-27.357],[-65.754,-27.357],[-65.755,-27.357],[-65.758,-27.358],[-65.759,-27.358],[-65.762,-27.358],[-65.764,-27.359],[-65.765,-27.359],[-65.766,-27.36],[-65.767,-27.36],[-65.77,-27.36],[-65.772,-27.358],[-65.776,-27.357],[-65.778,-27.358],[-65.78,-27.359],[-65.782,-27.359],[-65.783,-27.359],[-65.785,-27.358],[-65.787,-27.359],[-65.791,-27.357],[-65.792,-27.357],[-65.793,-27.356],[-65.795,-27.355],[-65.797,-27.355],[-65.801,-27.356],[-65.802,-27.358],[-65.806,-27.358],[-65.807,-27.358],[-65.808,-27.358],[-65.813,-27.357],[-65.817,-27.358],[-65.819,-27.36],[-65.825,-27.362],[-65.827,-27.362],[-65.828,-27.362],[-65.832,-27.362],[-65.835,-27.363],[-65.835,-27.364],[-65.836,-27.364],[-65.841,-27.363],[-65.843,-27.362],[-65.844,-27.362],[-65.847,-27.361],[-65.849,-27.362],[-65.852,-27.361],[-65.854,-27.362],[-65.855,-27.362],[-65.856,-27.363],[-65.857,-27.364],[-65.859,-27.365],[-65.861,-27.368],[-65.863,-27.369],[-65.867,-27.369],[-65.87,-27.37],[-65.872,-27.371],[-65.874,-27.371],[-65.875,-27.37],[-65.878,-27.368],[-65.879,-27.368],[-65.881,-27.369],[-65.886,-27.37],[-65.888,-27.37],[-65.889,-27.37],[-65.89,-27.369],[-65.892,-27.367],[-65.893,-27.367],[-65.893,-27.368],[-65.893,-27.369],[-65.893,-27.37],[-65.895,-27.37],[-65.896,-27.371],[-65.897,-27.37],[-65.897,-27.369],[-65.898,-27.369],[-65.9,-27.367],[-65.901,-27.367],[-65.902,-27.368],[-65.903,-27.37],[-65.905,-27.372],[-65.908,-27.374],[-65.909,-27.374],[-65.909,-27.375],[-65.91,-27.374],[-65.911,-27.374],[-65.911,-27.376],[-65.913,-27.376],[-65.913,-27.377],[-65.916,-27.377],[-65.917,-27.378],[-65.918,-27.38],[-65.919,-27.38],[-65.92,-27.38],[-65.92,-27.382],[-65.92,-27.383],[-65.921,-27.383],[-65.922,-27.384],[-65.925,-27.383],[-65.926,-27.383],[-65.929,-27.383],[-65.93,-27.383],[-65.931,-27.385],[-65.93,-27.386],[-65.928,-27.388],[-65.927,-27.389],[-65.928,-27.39],[-65.932,-27.392],[-65.935,-27.393],[-65.935,-27.394],[-65.933,-27.397],[-65.933,-27.399],[-65.932,-27.4],[-65.932,-27.401],[-65.933,-27.401],[-65.934,-27.403],[-65.935,-27.403],[-65.936,-27.402],[-65.937,-27.402],[-65.938,-27.403],[-65.939,-27.404],[-65.94,-27.402],[-65.941,-27.401],[-65.942,-27.401],[-65.944,-27.402],[-65.945,-27.399],[-65.947,-27.399],[-65.948,-27.398],[-65.951,-27.398],[-65.952,-27.399],[-65.954,-27.398],[-65.957,-27.399],[-65.958,-27.4],[-65.958,-27.402],[-65.96,-27.402],[-65.964,-27.4],[-65.965,-27.399],[-65.966,-27.399],[-65.968,-27.399],[-65.966,-27.392],[-65.965,-27.385],[-65.965,-27.382],[-65.967,-27.375],[-65.967,-27.372],[-65.968,-27.369],[-65.966,-27.363],[-65.965,-27.36],[-65.965,-27.359],[-65.967,-27.357],[-65.97,-27.349],[-65.972,-27.333],[-65.974,-27.331],[-65.976,-27.33],[-65.978,-27.33],[-65.98,-27.329],[-65.98,-27.328],[-65.983,-27.326],[-65.985,-27.323],[-65.987,-27.322],[-65.988,-27.321],[-65.989,-27.32],[-65.99,-27.318],[-65.993,-27.317],[-65.993,-27.316],[-65.994,-27.316],[-65.994,-27.315],[-65.996,-27.314],[-65.998,-27.313],[-66,-27.313],[-66.002,-27.312],[-66.005,-27.312],[-66.007,-27.311],[-66.008,-27.311],[-66.013,-27.309],[-66.015,-27.306],[-66.016,-27.305],[-66.018,-27.304],[-66.022,-27.302],[-66.026,-27.3],[-66.028,-27.299],[-66.03,-27.298],[-66.031,-27.298],[-66.034,-27.297],[-66.037,-27.296],[-66.039,-27.296],[-66.04,-27.296],[-66.045,-27.295],[-66.049,-27.295],[-66.052,-27.295],[-66.054,-27.294],[-66.057,-27.293],[-66.059,-27.293],[-66.06,-27.293],[-66.06,-27.292],[-66.061,-27.291],[-66.062,-27.291],[-66.063,-27.292],[-66.066,-27.292],[-66.067,-27.291],[-66.068,-27.291],[-66.069,-27.29],[-66.073,-27.29],[-66.074,-27.288],[-66.077,-27.288],[-66.079,-27.287],[-66.08,-27.287],[-66.082,-27.285],[-66.084,-27.284],[-66.085,-27.284],[-66.086,-27.282],[-66.088,-27.282],[-66.089,-27.281],[-66.091,-27.278],[-66.092,-27.277],[-66.093,-27.277],[-66.096,-27.277],[-66.102,-27.275],[-66.104,-27.275],[-66.105,-27.274],[-66.111,-27.273],[-66.115,-27.268],[-66.117,-27.266],[-66.12,-27.266],[-66.123,-27.266],[-66.125,-27.266],[-66.126,-27.265],[-66.13,-27.265],[-66.131,-27.266],[-66.133,-27.266],[-66.136,-27.264],[-66.141,-27.261],[-66.139,-27.256],[-66.137,-27.254],[-66.133,-27.253],[-66.134,-27.25],[-66.134,-27.248],[-66.134,-27.244],[-66.133,-27.241],[-66.132,-27.24],[-66.129,-27.239],[-66.125,-27.238],[-66.124,-27.237],[-66.123,-27.237],[-66.123,-27.234],[-66.122,-27.23],[-66.122,-27.228],[-66.122,-27.227],[-66.118,-27.225],[-66.116,-27.222],[-66.113,-27.218],[-66.111,-27.217],[-66.11,-27.216],[-66.104,-27.216],[-66.1,-27.215],[-66.098,-27.213],[-66.093,-27.213],[-66.089,-27.213],[-66.083,-27.211],[-66.08,-27.21],[-66.078,-27.209],[-66.079,-27.208],[-66.08,-27.207],[-66.081,-27.205],[-66.082,-27.201],[-66.082,-27.198],[-66.08,-27.196],[-66.077,-27.194],[-66.075,-27.191],[-66.073,-27.19],[-66.07,-27.189],[-66.069,-27.189],[-66.069,-27.187],[-66.068,-27.179],[-66.068,-27.177],[-66.068,-27.175],[-66.065,-27.172],[-66.064,-27.17],[-66.062,-27.168],[-66.062,-27.167],[-66.063,-27.166],[-66.064,-27.164],[-66.064,-27.162],[-66.061,-27.159],[-66.059,-27.158],[-66.056,-27.156],[-66.055,-27.155],[-66.056,-27.152],[-66.055,-27.144],[-66.052,-27.143],[-66.05,-27.142],[-66.047,-27.141],[-66.047,-27.14],[-66.042,-27.136],[-66.041,-27.135],[-66.039,-27.132],[-66.039,-27.128],[-66.036,-27.125],[-66.032,-27.124],[-66.03,-27.123],[-66.028,-27.122],[-66.024,-27.122],[-66.023,-27.121],[-66.022,-27.121],[-66.021,-27.12],[-66.02,-27.118],[-66.021,-27.115],[-66.021,-27.114],[-66.018,-27.113],[-66.017,-27.112],[-66.011,-27.111],[-66.009,-27.111],[-66.008,-27.11],[-66.006,-27.109],[-66.005,-27.106],[-66,-27.104],[-65.999,-27.103],[-65.998,-27.104],[-65.996,-27.106],[-65.994,-27.106],[-65.992,-27.106],[-65.991,-27.106],[-65.99,-27.105],[-65.988,-27.103],[-65.986,-27.097],[-65.985,-27.097],[-65.983,-27.095],[-65.981,-27.091],[-65.978,-27.088],[-65.977,-27.084],[-65.974,-27.08],[-65.974,-27.075],[-65.972,-27.072],[-65.971,-27.07],[-65.971,-27.069],[-65.971,-27.068],[-65.974,-27.065],[-65.974,-27.064],[-65.974,-27.062],[-65.974,-27.058],[-65.975,-27.057],[-65.975,-27.056],[-65.974,-27.055],[-65.973,-27.054],[-65.931,-27.088],[-65.923,-27.096],[-65.918,-27.098],[-65.902,-27.1],[-65.898,-27.102],[-65.894,-27.105],[-65.891,-27.108],[-65.888,-27.111],[-65.884,-27.111],[-65.881,-27.112],[-65.872,-27.117],[-65.869,-27.117],[-65.861,-27.118],[-65.829,-27.137],[-65.828,-27.136],[-65.827,-27.136],[-65.825,-27.136],[-65.823,-27.137],[-65.822,-27.139],[-65.821,-27.139],[-65.82,-27.141],[-65.82,-27.142],[-65.819,-27.144],[-65.818,-27.144],[-65.818,-27.146],[-65.818,-27.147],[-65.818,-27.148],[-65.817,-27.15],[-65.816,-27.15],[-65.816,-27.151],[-65.815,-27.151],[-65.814,-27.151],[-65.814,-27.152],[-65.813,-27.152],[-65.813,-27.153],[-65.813,-27.154],[-65.813,-27.155],[-65.812,-27.155],[-65.808,-27.156],[-65.806,-27.157],[-65.805,-27.156],[-65.804,-27.157],[-65.802,-27.158],[-65.8,-27.159],[-65.799,-27.161],[-65.799,-27.162],[-65.8,-27.162],[-65.8,-27.163],[-65.8,-27.164],[-65.798,-27.163],[-65.798,-27.164],[-65.798,-27.165],[-65.798,-27.166],[-65.797,-27.169],[-65.798,-27.169],[-65.799,-27.17],[-65.799,-27.171],[-65.8,-27.173],[-65.8,-27.174],[-65.799,-27.174],[-65.798,-27.176],[-65.798,-27.177],[-65.797,-27.178],[-65.798,-27.179],[-65.799,-27.179],[-65.799,-27.18],[-65.8,-27.181],[-65.799,-27.181],[-65.798,-27.182],[-65.798,-27.184],[-65.798,-27.185],[-65.798,-27.186],[-65.797,-27.188],[-65.797,-27.19],[-65.798,-27.191],[-65.797,-27.191],[-65.796,-27.191],[-65.795,-27.192],[-65.796,-27.193],[-65.797,-27.193],[-65.797,-27.194],[-65.796,-27.195],[-65.795,-27.195],[-65.794,-27.194],[-65.793,-27.195],[-65.792,-27.195],[-65.79,-27.194],[-65.789,-27.194],[-65.788,-27.195],[-65.786,-27.194],[-65.786,-27.195],[-65.784,-27.195],[-65.783,-27.196],[-65.783,-27.195],[-65.78,-27.195],[-65.779,-27.194],[-65.778,-27.195],[-65.777,-27.195],[-65.775,-27.195],[-65.773,-27.197],[-65.77,-27.2],[-65.769,-27.2],[-65.768,-27.2],[-65.767,-27.2],[-65.765,-27.201],[-65.763,-27.201],[-65.762,-27.202],[-65.759,-27.201],[-65.758,-27.2],[-65.755,-27.201],[-65.75,-27.198],[-65.749,-27.197],[-65.748,-27.198],[-65.746,-27.196],[-65.744,-27.196],[-65.743,-27.196],[-65.742,-27.198],[-65.741,-27.198],[-65.74,-27.198],[-65.739,-27.197],[-65.738,-27.197],[-65.737,-27.197],[-65.736,-27.198],[-65.733,-27.198],[-65.731,-27.198],[-65.729,-27.199],[-65.724,-27.198],[-65.722,-27.197],[-65.721,-27.197],[-65.72,-27.199],[-65.719,-27.2],[-65.716,-27.199],[-65.715,-27.199],[-65.713,-27.2],[-65.711,-27.199],[-65.709,-27.199],[-65.706,-27.2],[-65.704,-27.201],[-65.702,-27.201],[-65.697,-27.202],[-65.696,-27.202],[-65.696,-27.203],[-65.695,-27.204],[-65.695,-27.205],[-65.694,-27.208],[-65.693,-27.209],[-65.691,-27.211],[-65.69,-27.214],[-65.69,-27.216],[-65.69,-27.219],[-65.69,-27.22],[-65.689,-27.222],[-65.687,-27.224],[-65.684,-27.226],[-65.683,-27.227],[-65.68,-27.227],[-65.678,-27.229],[-65.676,-27.23],[-65.675,-27.231],[-65.672,-27.232],[-65.668,-27.235],[-65.666,-27.237],[-65.663,-27.238],[-65.661,-27.238],[-65.66,-27.238],[-65.659,-27.239],[-65.658,-27.239],[-65.657,-27.239],[-65.656,-27.239],[-65.654,-27.239],[-65.653,-27.239],[-65.65,-27.24],[-65.647,-27.241],[-65.643,-27.242],[-65.641,-27.242],[-65.64,-27.243],[-65.639,-27.243],[-65.637,-27.245],[-65.635,-27.246],[-65.634,-27.249],[-65.633,-27.25],[-65.631,-27.25],[-65.629,-27.251],[-65.628,-27.252],[-65.627,-27.252],[-65.626,-27.253],[-65.625,-27.254],[-65.624,-27.254],[-65.625,-27.254],[-65.625,-27.255],[-65.624,-27.255],[-65.623,-27.254],[-65.622,-27.254],[-65.621,-27.254],[-65.619,-27.257],[-65.617,-27.258],[-65.615,-27.258],[-65.613,-27.258],[-65.612,-27.258],[-65.611,-27.26],[-65.608,-27.26],[-65.607,-27.26],[-65.607,-27.261],[-65.605,-27.263],[-65.604,-27.263],[-65.602,-27.265],[-65.599,-27.265],[-65.598,-27.265],[-65.597,-27.265],[-65.596,-27.265],[-65.594,-27.265],[-65.593,-27.267],[-65.591,-27.266],[-65.59,-27.267],[-65.589,-27.268],[-65.588,-27.271],[-65.585,-27.273],[-65.584,-27.274],[-65.583,-27.275],[-65.583,-27.276],[-65.582,-27.277],[-65.58,-27.278],[-65.579,-27.278],[-65.578,-27.277],[-65.577,-27.278],[-65.576,-27.278],[-65.575,-27.279],[-65.573,-27.279],[-65.572,-27.279],[-65.571,-27.281],[-65.57,-27.281],[-65.566,-27.281],[-65.564,-27.282],[-65.562,-27.282],[-65.556,-27.284],[-65.548,-27.285],[-65.543,-27.285],[-65.54,-27.285],[-65.538,-27.284],[-65.538,-27.283],[-65.537,-27.282],[-65.537,-27.279],[-65.536,-27.277],[-65.535,-27.276],[-65.533,-27.276],[-65.532,-27.276],[-65.53,-27.278],[-65.529,-27.283],[-65.529,-27.284],[-65.529,-27.286],[-65.528,-27.288],[-65.524,-27.289],[-65.521,-27.288],[-65.519,-27.288],[-65.518,-27.288],[-65.517,-27.289],[-65.517,-27.29],[-65.517,-27.291],[-65.517,-27.292],[-65.516,-27.291],[-65.514,-27.291],[-65.513,-27.29],[-65.512,-27.289],[-65.511,-27.289],[-65.51,-27.289],[-65.51,-27.292],[-65.508,-27.293],[-65.507,-27.295],[-65.506,-27.295],[-65.504,-27.296],[-65.503,-27.297],[-65.502,-27.297],[-65.501,-27.296],[-65.5,-27.295],[-65.499,-27.293],[-65.497,-27.293],[-65.495,-27.292],[-65.494,-27.293],[-65.493,-27.294],[-65.493,-27.296],[-65.493,-27.298],[-65.49,-27.299],[-65.486,-27.298],[-65.484,-27.298],[-65.483,-27.299],[-65.482,-27.3],[-65.482,-27.301],[-65.481,-27.301],[-65.481,-27.3],[-65.48,-27.299],[-65.479,-27.299],[-65.478,-27.298],[-65.476,-27.298],[-65.475,-27.298],[-65.473,-27.298],[-65.47,-27.3]]]}},{"type":"Feature","properties":{"departamento":"SIMOCA","cabecera":"Simoca"},"geometry":{"type":"Polygon","coordinates":[[[-65.364,-27.18],[-65.362,-27.18],[-65.36,-27.18],[-65.359,-27.179],[-65.358,-27.179],[-65.354,-27.18],[-65.352,-27.182],[-65.35,-27.184],[-65.349,-27.185],[-65.348,-27.187],[-65.347,-27.19],[-65.346,-27.193],[-65.344,-27.197],[-65.343,-27.198],[-65.342,-27.2],[-65.34,-27.201],[-65.339,-27.201],[-65.338,-27.201],[-65.337,-27.201],[-65.336,-27.201],[-65.335,-27.202],[-65.334,-27.204],[-65.334,-27.207],[-65.334,-27.21],[-65.335,-27.211],[-65.336,-27.212],[-65.336,-27.214],[-65.336,-27.215],[-65.335,-27.217],[-65.334,-27.217],[-65.333,-27.218],[-65.332,-27.218],[-65.329,-27.217],[-65.327,-27.216],[-65.326,-27.216],[-65.325,-27.216],[-65.322,-27.217],[-65.321,-27.218],[-65.32,-27.221],[-65.319,-27.221],[-65.318,-27.222],[-65.317,-27.222],[-65.315,-27.222],[-65.314,-27.221],[-65.31,-27.221],[-65.309,-27.22],[-65.307,-27.221],[-65.302,-27.223],[-65.3,-27.225],[-65.299,-27.227],[-65.299,-27.23],[-65.3,-27.232],[-65.301,-27.234],[-65.302,-27.235],[-65.304,-27.236],[-65.305,-27.237],[-65.304,-27.239],[-65.305,-27.239],[-65.303,-27.241],[-65.303,-27.242],[-65.304,-27.243],[-65.305,-27.243],[-65.305,-27.244],[-65.306,-27.245],[-65.306,-27.246],[-65.305,-27.248],[-65.304,-27.249],[-65.302,-27.249],[-65.3,-27.25],[-65.299,-27.251],[-65.299,-27.252],[-65.3,-27.253],[-65.298,-27.256],[-65.298,-27.258],[-65.298,-27.26],[-65.299,-27.261],[-65.3,-27.262],[-65.301,-27.263],[-65.301,-27.266],[-65.301,-27.267],[-65.299,-27.268],[-65.296,-27.269],[-65.289,-27.269],[-65.287,-27.27],[-65.286,-27.27],[-65.283,-27.274],[-65.274,-27.283],[-65.269,-27.285],[-65.265,-27.287],[-65.262,-27.289],[-65.259,-27.289],[-65.252,-27.294],[-65.247,-27.298],[-65.244,-27.302],[-65.243,-27.303],[-65.242,-27.304],[-65.241,-27.305],[-65.239,-27.306],[-65.237,-27.308],[-65.235,-27.309],[-65.233,-27.312],[-65.232,-27.313],[-65.231,-27.315],[-65.231,-27.317],[-65.228,-27.316],[-65.227,-27.316],[-65.223,-27.315],[-65.219,-27.315],[-65.218,-27.315],[-65.217,-27.316],[-65.217,-27.317],[-65.216,-27.319],[-65.216,-27.32],[-65.217,-27.322],[-65.217,-27.324],[-65.218,-27.326],[-65.217,-27.327],[-65.217,-27.328],[-65.217,-27.329],[-65.218,-27.331],[-65.219,-27.332],[-65.22,-27.332],[-65.22,-27.333],[-65.219,-27.334],[-65.216,-27.335],[-65.214,-27.337],[-65.213,-27.338],[-65.213,-27.342],[-65.212,-27.343],[-65.208,-27.346],[-65.208,-27.347],[-65.208,-27.348],[-65.206,-27.349],[-65.205,-27.349],[-65.203,-27.349],[-65.2,-27.35],[-65.202,-27.353],[-65.2,-27.354],[-65.199,-27.355],[-65.198,-27.354],[-65.196,-27.355],[-65.195,-27.356],[-65.193,-27.359],[-65.193,-27.362],[-65.19,-27.364],[-65.187,-27.365],[-65.186,-27.366],[-65.184,-27.365],[-65.18,-27.363],[-65.175,-27.363],[-65.174,-27.364],[-65.172,-27.364],[-65.171,-27.366],[-65.168,-27.368],[-65.169,-27.369],[-65.167,-27.372],[-65.164,-27.372],[-65.162,-27.371],[-65.16,-27.371],[-65.159,-27.372],[-65.157,-27.372],[-65.156,-27.373],[-65.154,-27.378],[-65.152,-27.38],[-65.151,-27.381],[-65.146,-27.383],[-65.144,-27.386],[-65.143,-27.387],[-65.143,-27.391],[-65.144,-27.394],[-65.143,-27.395],[-65.14,-27.397],[-65.137,-27.398],[-65.135,-27.4],[-65.131,-27.402],[-65.131,-27.403],[-65.129,-27.404],[-65.128,-27.405],[-65.127,-27.408],[-65.126,-27.408],[-65.125,-27.408],[-65.124,-27.408],[-65.123,-27.406],[-65.122,-27.406],[-65.12,-27.407],[-65.118,-27.409],[-65.117,-27.41],[-65.117,-27.411],[-65.117,-27.412],[-65.117,-27.413],[-65.116,-27.416],[-65.115,-27.418],[-65.114,-27.419],[-65.114,-27.423],[-65.114,-27.424],[-65.113,-27.425],[-65.111,-27.426],[-65.109,-27.427],[-65.107,-27.428],[-65.106,-27.427],[-65.104,-27.427],[-65.1,-27.429],[-65.098,-27.429],[-65.096,-27.428],[-65.096,-27.427],[-65.096,-27.426],[-65.097,-27.427],[-65.096,-27.426],[-65.097,-27.424],[-65.097,-27.423],[-65.097,-27.422],[-65.096,-27.421],[-65.095,-27.42],[-65.093,-27.42],[-65.093,-27.421],[-65.092,-27.422],[-65.092,-27.425],[-65.092,-27.426],[-65.091,-27.427],[-65.089,-27.428],[-65.088,-27.429],[-65.089,-27.434],[-65.089,-27.439],[-65.092,-27.441],[-65.092,-27.442],[-65.094,-27.443],[-65.1,-27.443],[-65.102,-27.443],[-65.102,-27.444],[-65.104,-27.446],[-65.104,-27.447],[-65.103,-27.448],[-65.099,-27.446],[-65.097,-27.446],[-65.096,-27.447],[-65.095,-27.448],[-65.095,-27.449],[-65.096,-27.45],[-65.096,-27.451],[-65.095,-27.453],[-65.093,-27.455],[-65.091,-27.455],[-65.089,-27.454],[-65.087,-27.453],[-65.086,-27.453],[-65.085,-27.454],[-65.084,-27.455],[-65.083,-27.455],[-65.082,-27.455],[-65.083,-27.456],[-65.081,-27.456],[-65.081,-27.457],[-65.08,-27.458],[-65.079,-27.457],[-65.078,-27.458],[-65.077,-27.458],[-65.076,-27.458],[-65.074,-27.458],[-65.071,-27.457],[-65.07,-27.458],[-65.068,-27.459],[-65.067,-27.459],[-65.065,-27.459],[-65.065,-27.46],[-65.065,-27.461],[-65.064,-27.461],[-65.063,-27.462],[-65.062,-27.459],[-65.062,-27.455],[-65.063,-27.455],[-65.064,-27.455],[-65.063,-27.453],[-65.063,-27.452],[-65.062,-27.452],[-65.063,-27.445],[-65.063,-27.444],[-65.063,-27.442],[-65.062,-27.444],[-65.062,-27.447],[-65.061,-27.449],[-65.06,-27.45],[-65.059,-27.452],[-65.058,-27.453],[-65.057,-27.456],[-65.055,-27.456],[-65.054,-27.457],[-65.052,-27.459],[-65.051,-27.46],[-65.051,-27.461],[-65.05,-27.462],[-65.049,-27.465],[-65.048,-27.468],[-65.046,-27.47],[-65.046,-27.471],[-65.044,-27.474],[-65.041,-27.477],[-65.038,-27.479],[-65.03,-27.483],[-65.028,-27.483],[-65.009,-27.484],[-65.008,-27.486],[-65.006,-27.488],[-65.001,-27.489],[-64.997,-27.489],[-64.993,-27.49],[-64.991,-27.491],[-64.986,-27.492],[-64.982,-27.493],[-64.978,-27.495],[-64.975,-27.498],[-64.973,-27.499],[-64.97,-27.503],[-64.968,-27.505],[-64.968,-27.508],[-64.967,-27.509],[-64.966,-27.514],[-64.966,-27.519],[-64.965,-27.523],[-64.965,-27.526],[-64.966,-27.535],[-64.965,-27.538],[-64.965,-27.543],[-64.966,-27.548],[-64.966,-27.551],[-64.967,-27.554],[-64.974,-27.563],[-64.977,-27.565],[-64.978,-27.567],[-64.981,-27.567],[-64.988,-27.568],[-64.989,-27.57],[-64.992,-27.571],[-64.995,-27.571],[-64.997,-27.569],[-65.003,-27.563],[-65.005,-27.562],[-65.009,-27.561],[-65.011,-27.562],[-65.012,-27.564],[-65.013,-27.573],[-65.015,-27.576],[-65.021,-27.576],[-65.024,-27.578],[-65.026,-27.585],[-65.027,-27.587],[-65.036,-27.58],[-65.035,-27.578],[-65.039,-27.577],[-65.044,-27.578],[-65.046,-27.579],[-65.052,-27.577],[-65.054,-27.577],[-65.055,-27.576],[-65.055,-27.575],[-65.056,-27.574],[-65.057,-27.574],[-65.058,-27.575],[-65.059,-27.576],[-65.06,-27.576],[-65.061,-27.577],[-65.062,-27.578],[-65.062,-27.579],[-65.061,-27.579],[-65.061,-27.58],[-65.061,-27.581],[-65.062,-27.581],[-65.064,-27.581],[-65.065,-27.582],[-65.066,-27.583],[-65.069,-27.586],[-65.071,-27.587],[-65.072,-27.587],[-65.073,-27.586],[-65.073,-27.584],[-65.074,-27.583],[-65.075,-27.583],[-65.078,-27.583],[-65.079,-27.582],[-65.08,-27.582],[-65.083,-27.582],[-65.085,-27.582],[-65.087,-27.582],[-65.089,-27.582],[-65.091,-27.581],[-65.094,-27.582],[-65.095,-27.582],[-65.096,-27.582],[-65.097,-27.58],[-65.098,-27.577],[-65.099,-27.576],[-65.099,-27.575],[-65.098,-27.574],[-65.098,-27.572],[-65.099,-27.571],[-65.101,-27.57],[-65.103,-27.57],[-65.105,-27.569],[-65.106,-27.569],[-65.106,-27.57],[-65.108,-27.57],[-65.11,-27.571],[-65.111,-27.57],[-65.112,-27.57],[-65.114,-27.568],[-65.115,-27.568],[-65.116,-27.57],[-65.117,-27.57],[-65.117,-27.571],[-65.118,-27.571],[-65.117,-27.571],[-65.116,-27.571],[-65.115,-27.571],[-65.115,-27.572],[-65.116,-27.572],[-65.117,-27.573],[-65.117,-27.574],[-65.118,-27.575],[-65.119,-27.576],[-65.121,-27.577],[-65.123,-27.577],[-65.124,-27.578],[-65.125,-27.578],[-65.127,-27.578],[-65.128,-27.578],[-65.129,-27.579],[-65.133,-27.58],[-65.135,-27.581],[-65.135,-27.582],[-65.137,-27.581],[-65.138,-27.582],[-65.14,-27.582],[-65.14,-27.583],[-65.141,-27.583],[-65.142,-27.584],[-65.144,-27.584],[-65.145,-27.585],[-65.146,-27.586],[-65.147,-27.587],[-65.148,-27.587],[-65.148,-27.588],[-65.15,-27.587],[-65.15,-27.588],[-65.151,-27.587],[-65.152,-27.588],[-65.153,-27.588],[-65.153,-27.587],[-65.153,-27.586],[-65.157,-27.586],[-65.157,-27.585],[-65.159,-27.586],[-65.16,-27.584],[-65.161,-27.582],[-65.162,-27.581],[-65.162,-27.58],[-65.161,-27.579],[-65.162,-27.579],[-65.163,-27.579],[-65.164,-27.579],[-65.164,-27.578],[-65.163,-27.578],[-65.164,-27.577],[-65.163,-27.577],[-65.164,-27.576],[-65.165,-27.576],[-65.165,-27.575],[-65.165,-27.573],[-65.166,-27.573],[-65.166,-27.572],[-65.167,-27.571],[-65.168,-27.57],[-65.167,-27.569],[-65.168,-27.568],[-65.169,-27.568],[-65.169,-27.567],[-65.169,-27.566],[-65.17,-27.566],[-65.17,-27.567],[-65.171,-27.566],[-65.172,-27.567],[-65.173,-27.567],[-65.173,-27.568],[-65.175,-27.569],[-65.176,-27.568],[-65.178,-27.567],[-65.178,-27.566],[-65.178,-27.567],[-65.179,-27.567],[-65.179,-27.566],[-65.179,-27.565],[-65.182,-27.565],[-65.183,-27.564],[-65.184,-27.565],[-65.184,-27.566],[-65.184,-27.567],[-65.186,-27.567],[-65.187,-27.566],[-65.188,-27.567],[-65.19,-27.566],[-65.193,-27.568],[-65.195,-27.568],[-65.195,-27.567],[-65.196,-27.566],[-65.196,-27.565],[-65.197,-27.564],[-65.199,-27.563],[-65.2,-27.562],[-65.2,-27.563],[-65.202,-27.562],[-65.203,-27.562],[-65.204,-27.563],[-65.205,-27.563],[-65.206,-27.562],[-65.207,-27.563],[-65.209,-27.562],[-65.21,-27.562],[-65.211,-27.563],[-65.212,-27.563],[-65.213,-27.563],[-65.215,-27.564],[-65.218,-27.563],[-65.22,-27.563],[-65.222,-27.562],[-65.223,-27.562],[-65.224,-27.561],[-65.224,-27.56],[-65.226,-27.561],[-65.227,-27.56],[-65.23,-27.559],[-65.231,-27.558],[-65.232,-27.559],[-65.233,-27.56],[-65.234,-27.56],[-65.236,-27.559],[-65.238,-27.56],[-65.239,-27.56],[-65.24,-27.56],[-65.24,-27.561],[-65.241,-27.561],[-65.243,-27.56],[-65.244,-27.56],[-65.245,-27.559],[-65.246,-27.559],[-65.246,-27.56],[-65.246,-27.561],[-65.247,-27.56],[-65.248,-27.561],[-65.249,-27.56],[-65.249,-27.561],[-65.25,-27.561],[-65.252,-27.561],[-65.253,-27.561],[-65.254,-27.561],[-65.254,-27.562],[-65.255,-27.563],[-65.254,-27.563],[-65.255,-27.564],[-65.257,-27.563],[-65.257,-27.562],[-65.257,-27.563],[-65.258,-27.563],[-65.258,-27.564],[-65.259,-27.564],[-65.26,-27.564],[-65.26,-27.563],[-65.259,-27.563],[-65.259,-27.562],[-65.26,-27.562],[-65.261,-27.561],[-65.262,-27.561],[-65.262,-27.562],[-65.261,-27.562],[-65.261,-27.563],[-65.262,-27.562],[-65.263,-27.563],[-65.263,-27.562],[-65.264,-27.562],[-65.266,-27.562],[-65.266,-27.561],[-65.266,-27.56],[-65.266,-27.559],[-65.267,-27.56],[-65.269,-27.559],[-65.27,-27.559],[-65.27,-27.557],[-65.271,-27.558],[-65.272,-27.557],[-65.272,-27.556],[-65.273,-27.555],[-65.274,-27.556],[-65.275,-27.556],[-65.275,-27.555],[-65.274,-27.555],[-65.274,-27.554],[-65.275,-27.554],[-65.276,-27.554],[-65.277,-27.553],[-65.278,-27.553],[-65.279,-27.553],[-65.279,-27.552],[-65.28,-27.551],[-65.28,-27.55],[-65.28,-27.548],[-65.28,-27.547],[-65.282,-27.546],[-65.283,-27.546],[-65.283,-27.547],[-65.284,-27.547],[-65.284,-27.546],[-65.285,-27.546],[-65.285,-27.547],[-65.286,-27.547],[-65.286,-27.548],[-65.287,-27.548],[-65.287,-27.547],[-65.287,-27.546],[-65.287,-27.545],[-65.288,-27.545],[-65.288,-27.546],[-65.289,-27.546],[-65.29,-27.546],[-65.291,-27.545],[-65.291,-27.546],[-65.291,-27.547],[-65.293,-27.546],[-65.293,-27.547],[-65.294,-27.547],[-65.295,-27.546],[-65.294,-27.546],[-65.294,-27.545],[-65.295,-27.545],[-65.294,-27.543],[-65.293,-27.543],[-65.294,-27.543],[-65.295,-27.542],[-65.295,-27.543],[-65.296,-27.543],[-65.297,-27.544],[-65.298,-27.543],[-65.299,-27.543],[-65.3,-27.543],[-65.301,-27.542],[-65.301,-27.541],[-65.302,-27.54],[-65.304,-27.54],[-65.306,-27.54],[-65.308,-27.538],[-65.309,-27.538],[-65.31,-27.538],[-65.311,-27.539],[-65.313,-27.538],[-65.313,-27.539],[-65.315,-27.541],[-65.318,-27.541],[-65.319,-27.541],[-65.321,-27.542],[-65.321,-27.541],[-65.322,-27.542],[-65.323,-27.542],[-65.324,-27.542],[-65.326,-27.542],[-65.326,-27.541],[-65.325,-27.54],[-65.326,-27.54],[-65.326,-27.539],[-65.327,-27.539],[-65.327,-27.54],[-65.329,-27.54],[-65.33,-27.54],[-65.331,-27.539],[-65.332,-27.538],[-65.333,-27.537],[-65.334,-27.536],[-65.335,-27.536],[-65.335,-27.537],[-65.337,-27.538],[-65.342,-27.537],[-65.343,-27.536],[-65.345,-27.535],[-65.345,-27.534],[-65.346,-27.532],[-65.345,-27.53],[-65.346,-27.529],[-65.345,-27.528],[-65.346,-27.528],[-65.345,-27.526],[-65.346,-27.526],[-65.347,-27.525],[-65.348,-27.524],[-65.349,-27.525],[-65.35,-27.525],[-65.353,-27.525],[-65.353,-27.526],[-65.354,-27.526],[-65.357,-27.527],[-65.359,-27.526],[-65.36,-27.527],[-65.36,-27.528],[-65.36,-27.529],[-65.361,-27.53],[-65.363,-27.53],[-65.366,-27.53],[-65.367,-27.53],[-65.368,-27.529],[-65.368,-27.528],[-65.37,-27.528],[-65.371,-27.528],[-65.372,-27.528],[-65.372,-27.529],[-65.373,-27.528],[-65.373,-27.529],[-65.374,-27.529],[-65.375,-27.53],[-65.376,-27.53],[-65.378,-27.53],[-65.379,-27.53],[-65.379,-27.531],[-65.381,-27.531],[-65.382,-27.531],[-65.383,-27.531],[-65.384,-27.53],[-65.385,-27.53],[-65.385,-27.531],[-65.386,-27.53],[-65.386,-27.531],[-65.386,-27.532],[-65.387,-27.532],[-65.387,-27.531],[-65.388,-27.532],[-65.389,-27.532],[-65.39,-27.532],[-65.391,-27.532],[-65.391,-27.533],[-65.392,-27.533],[-65.393,-27.533],[-65.392,-27.533],[-65.393,-27.533],[-65.393,-27.532],[-65.394,-27.533],[-65.393,-27.533],[-65.393,-27.534],[-65.394,-27.534],[-65.395,-27.534],[-65.395,-27.533],[-65.396,-27.533],[-65.396,-27.532],[-65.396,-27.533],[-65.397,-27.532],[-65.397,-27.533],[-65.398,-27.533],[-65.399,-27.532],[-65.399,-27.533],[-65.4,-27.533],[-65.401,-27.533],[-65.401,-27.534],[-65.402,-27.534],[-65.402,-27.535],[-65.401,-27.536],[-65.4,-27.536],[-65.401,-27.536],[-65.401,-27.537],[-65.4,-27.537],[-65.4,-27.538],[-65.401,-27.538],[-65.401,-27.537],[-65.402,-27.537],[-65.403,-27.539],[-65.404,-27.538],[-65.405,-27.538],[-65.405,-27.537],[-65.406,-27.537],[-65.406,-27.538],[-65.407,-27.538],[-65.407,-27.539],[-65.407,-27.54],[-65.408,-27.54],[-65.409,-27.539],[-65.41,-27.538],[-65.411,-27.538],[-65.412,-27.54],[-65.412,-27.539],[-65.413,-27.539],[-65.414,-27.54],[-65.415,-27.541],[-65.415,-27.54],[-65.416,-27.541],[-65.416,-27.54],[-65.417,-27.54],[-65.418,-27.54],[-65.418,-27.541],[-65.419,-27.541],[-65.42,-27.541],[-65.421,-27.541],[-65.421,-27.54],[-65.422,-27.54],[-65.422,-27.539],[-65.423,-27.539],[-65.424,-27.539],[-65.425,-27.539],[-65.426,-27.54],[-65.428,-27.54],[-65.429,-27.54],[-65.43,-27.54],[-65.432,-27.54],[-65.433,-27.541],[-65.433,-27.54],[-65.433,-27.541],[-65.434,-27.541],[-65.434,-27.54],[-65.435,-27.54],[-65.437,-27.539],[-65.438,-27.539],[-65.439,-27.539],[-65.44,-27.539],[-65.44,-27.538],[-65.441,-27.538],[-65.442,-27.539],[-65.443,-27.54],[-65.445,-27.54],[-65.447,-27.539],[-65.448,-27.539],[-65.448,-27.54],[-65.449,-27.54],[-65.451,-27.54],[-65.452,-27.54],[-65.452,-27.539],[-65.451,-27.539],[-65.452,-27.538],[-65.452,-27.537],[-65.453,-27.537],[-65.454,-27.537],[-65.455,-27.538],[-65.455,-27.537],[-65.456,-27.537],[-65.456,-27.538],[-65.456,-27.539],[-65.457,-27.538],[-65.457,-27.537],[-65.458,-27.537],[-65.459,-27.538],[-65.458,-27.538],[-65.458,-27.539],[-65.459,-27.539],[-65.459,-27.54],[-65.46,-27.54],[-65.46,-27.539],[-65.461,-27.539],[-65.461,-27.538],[-65.462,-27.538],[-65.463,-27.539],[-65.464,-27.539],[-65.465,-27.54],[-65.467,-27.54],[-65.468,-27.54],[-65.468,-27.541],[-65.469,-27.541],[-65.47,-27.542],[-65.47,-27.541],[-65.471,-27.541],[-65.472,-27.541],[-65.472,-27.539],[-65.473,-27.539],[-65.472,-27.538],[-65.474,-27.538],[-65.474,-27.539],[-65.475,-27.539],[-65.475,-27.54],[-65.476,-27.54],[-65.477,-27.54],[-65.477,-27.539],[-65.479,-27.539],[-65.48,-27.539],[-65.479,-27.54],[-65.479,-27.541],[-65.479,-27.543],[-65.48,-27.543],[-65.48,-27.538],[-65.484,-27.539],[-65.484,-27.543],[-65.485,-27.545],[-65.487,-27.544],[-65.487,-27.542],[-65.49,-27.541],[-65.491,-27.541],[-65.492,-27.541],[-65.494,-27.541],[-65.495,-27.542],[-65.497,-27.541],[-65.503,-27.541],[-65.505,-27.541],[-65.507,-27.542],[-65.514,-27.542],[-65.517,-27.543],[-65.52,-27.545],[-65.522,-27.546],[-65.524,-27.545],[-65.527,-27.544],[-65.529,-27.544],[-65.532,-27.543],[-65.535,-27.541],[-65.537,-27.542],[-65.538,-27.542],[-65.539,-27.542],[-65.543,-27.542],[-65.544,-27.542],[-65.545,-27.542],[-65.532,-27.485],[-65.533,-27.485],[-65.534,-27.484],[-65.536,-27.48],[-65.537,-27.48],[-65.538,-27.48],[-65.539,-27.482],[-65.54,-27.483],[-65.539,-27.485],[-65.538,-27.487],[-65.538,-27.49],[-65.539,-27.49],[-65.541,-27.491],[-65.541,-27.49],[-65.542,-27.49],[-65.543,-27.487],[-65.544,-27.486],[-65.546,-27.486],[-65.549,-27.486],[-65.55,-27.486],[-65.552,-27.488],[-65.553,-27.488],[-65.555,-27.487],[-65.556,-27.486],[-65.556,-27.485],[-65.555,-27.484],[-65.555,-27.482],[-65.557,-27.481],[-65.558,-27.48],[-65.551,-27.45],[-65.549,-27.434],[-65.549,-27.433],[-65.549,-27.431],[-65.547,-27.432],[-65.546,-27.432],[-65.541,-27.431],[-65.538,-27.432],[-65.537,-27.432],[-65.536,-27.431],[-65.535,-27.431],[-65.534,-27.432],[-65.532,-27.432],[-65.532,-27.433],[-65.531,-27.433],[-65.53,-27.433],[-65.529,-27.432],[-65.527,-27.428],[-65.526,-27.427],[-65.525,-27.427],[-65.527,-27.426],[-65.528,-27.426],[-65.526,-27.426],[-65.525,-27.427],[-65.524,-27.427],[-65.523,-27.427],[-65.521,-27.428],[-65.52,-27.43],[-65.52,-27.431],[-65.519,-27.433],[-65.518,-27.433],[-65.516,-27.433],[-65.515,-27.432],[-65.514,-27.43],[-65.513,-27.429],[-65.511,-27.43],[-65.511,-27.431],[-65.509,-27.434],[-65.507,-27.436],[-65.506,-27.435],[-65.504,-27.434],[-65.503,-27.433],[-65.5,-27.433],[-65.498,-27.433],[-65.495,-27.421],[-65.492,-27.422],[-65.487,-27.405],[-65.486,-27.406],[-65.485,-27.406],[-65.482,-27.406],[-65.481,-27.407],[-65.48,-27.407],[-65.48,-27.408],[-65.479,-27.409],[-65.482,-27.422],[-65.471,-27.422],[-65.469,-27.412],[-65.468,-27.413],[-65.466,-27.407],[-65.465,-27.406],[-65.463,-27.396],[-65.462,-27.396],[-65.462,-27.394],[-65.464,-27.394],[-65.466,-27.395],[-65.468,-27.396],[-65.469,-27.396],[-65.47,-27.396],[-65.471,-27.395],[-65.473,-27.39],[-65.474,-27.389],[-65.478,-27.387],[-65.478,-27.385],[-65.478,-27.384],[-65.478,-27.383],[-65.478,-27.382],[-65.476,-27.378],[-65.475,-27.376],[-65.474,-27.375],[-65.464,-27.337],[-65.461,-27.327],[-65.463,-27.327],[-65.462,-27.325],[-65.47,-27.324],[-65.469,-27.32],[-65.468,-27.32],[-65.464,-27.303],[-65.465,-27.303],[-65.466,-27.303],[-65.466,-27.302],[-65.466,-27.301],[-65.467,-27.301],[-65.47,-27.3],[-65.47,-27.298],[-65.468,-27.298],[-65.465,-27.294],[-65.466,-27.294],[-65.466,-27.293],[-65.465,-27.292],[-65.461,-27.273],[-65.46,-27.273],[-65.459,-27.268],[-65.458,-27.267],[-65.461,-27.267],[-65.46,-27.262],[-65.464,-27.261],[-65.461,-27.246],[-65.459,-27.246],[-65.456,-27.234],[-65.456,-27.235],[-65.455,-27.235],[-65.454,-27.235],[-65.453,-27.235],[-65.453,-27.236],[-65.452,-27.235],[-65.452,-27.234],[-65.451,-27.234],[-65.45,-27.23],[-65.448,-27.227],[-65.446,-27.217],[-65.445,-27.217],[-65.445,-27.218],[-65.442,-27.218],[-65.442,-27.219],[-65.439,-27.22],[-65.436,-27.209],[-65.423,-27.217],[-65.421,-27.211],[-65.42,-27.21],[-65.419,-27.21],[-65.417,-27.211],[-65.416,-27.205],[-65.416,-27.204],[-65.415,-27.204],[-65.412,-27.204],[-65.41,-27.192],[-65.408,-27.183],[-65.407,-27.182],[-65.406,-27.181],[-65.403,-27.179],[-65.401,-27.176],[-65.4,-27.175],[-65.398,-27.174],[-65.398,-27.175],[-65.396,-27.174],[-65.395,-27.174],[-65.393,-27.176],[-65.391,-27.177],[-65.386,-27.181],[-65.384,-27.182],[-65.38,-27.183],[-65.378,-27.183],[-65.374,-27.182],[-65.369,-27.181],[-65.364,-27.18]]]}},{"type":"Feature","properties":{"departamento":"LULES","cabecera":"San Isidro de Lules"},"geometry":{"type":"Polygon","coordinates":[[[-65.432,-26.808],[-65.431,-26.809],[-65.432,-26.813],[-65.432,-26.815],[-65.425,-26.817],[-65.378,-26.827],[-65.373,-26.826],[-65.372,-26.825],[-65.371,-26.822],[-65.37,-26.82],[-65.371,-26.82],[-65.341,-26.825],[-65.317,-26.829],[-65.315,-26.831],[-65.313,-26.832],[-65.314,-26.832],[-65.314,-26.835],[-65.315,-26.838],[-65.308,-26.839],[-65.307,-26.837],[-65.307,-26.833],[-65.3,-26.834],[-65.298,-26.834],[-65.296,-26.834],[-65.294,-26.833],[-65.293,-26.833],[-65.271,-26.836],[-65.271,-26.837],[-65.27,-26.838],[-65.269,-26.841],[-65.268,-26.842],[-65.268,-26.843],[-65.268,-26.844],[-65.269,-26.844],[-65.269,-26.846],[-65.27,-26.846],[-65.272,-26.847],[-65.275,-26.85],[-65.275,-26.851],[-65.274,-26.852],[-65.274,-26.853],[-65.273,-26.854],[-65.272,-26.855],[-65.271,-26.855],[-65.271,-26.857],[-65.236,-26.864],[-65.23,-26.868],[-65.23,-26.876],[-65.231,-26.885],[-65.23,-26.886],[-65.226,-26.894],[-65.222,-26.9],[-65.219,-26.902],[-65.217,-26.904],[-65.214,-26.906],[-65.214,-26.907],[-65.215,-26.908],[-65.214,-26.909],[-65.214,-26.911],[-65.214,-26.912],[-65.212,-26.913],[-65.209,-26.914],[-65.208,-26.915],[-65.208,-26.916],[-65.208,-26.917],[-65.21,-26.918],[-65.214,-26.918],[-65.215,-26.918],[-65.215,-26.919],[-65.214,-26.92],[-65.213,-26.921],[-65.211,-26.922],[-65.212,-26.923],[-65.213,-26.924],[-65.213,-26.925],[-65.212,-26.926],[-65.21,-26.926],[-65.209,-26.927],[-65.208,-26.928],[-65.208,-26.929],[-65.212,-26.93],[-65.214,-26.931],[-65.215,-26.931],[-65.215,-26.933],[-65.214,-26.934],[-65.212,-26.936],[-65.211,-26.937],[-65.211,-26.938],[-65.212,-26.938],[-65.213,-26.939],[-65.214,-26.94],[-65.214,-26.941],[-65.215,-26.941],[-65.216,-26.94],[-65.217,-26.939],[-65.218,-26.937],[-65.218,-26.936],[-65.219,-26.936],[-65.22,-26.937],[-65.22,-26.938],[-65.218,-26.94],[-65.219,-26.941],[-65.219,-26.942],[-65.216,-26.944],[-65.216,-26.945],[-65.216,-26.946],[-65.216,-26.947],[-65.216,-26.948],[-65.219,-26.949],[-65.219,-26.95],[-65.218,-26.95],[-65.215,-26.95],[-65.215,-26.951],[-65.215,-26.952],[-65.217,-26.954],[-65.218,-26.953],[-65.219,-26.954],[-65.22,-26.955],[-65.221,-26.956],[-65.221,-26.957],[-65.221,-26.958],[-65.224,-26.961],[-65.225,-26.963],[-65.224,-26.964],[-65.225,-26.965],[-65.226,-26.966],[-65.227,-26.966],[-65.229,-26.967],[-65.229,-26.969],[-65.233,-26.968],[-65.235,-26.968],[-65.235,-26.972],[-65.234,-26.974],[-65.234,-26.975],[-65.233,-26.977],[-65.233,-26.978],[-65.233,-26.979],[-65.233,-26.98],[-65.235,-26.981],[-65.236,-26.981],[-65.236,-26.98],[-65.237,-26.981],[-65.238,-26.981],[-65.238,-26.979],[-65.238,-26.978],[-65.238,-26.976],[-65.239,-26.976],[-65.24,-26.976],[-65.241,-26.976],[-65.242,-26.977],[-65.242,-26.98],[-65.243,-26.982],[-65.244,-26.983],[-65.244,-26.984],[-65.242,-26.985],[-65.242,-26.986],[-65.242,-26.987],[-65.243,-26.987],[-65.243,-26.988],[-65.245,-26.988],[-65.247,-26.989],[-65.248,-26.989],[-65.25,-26.991],[-65.25,-26.992],[-65.248,-26.992],[-65.246,-26.992],[-65.246,-26.993],[-65.245,-26.996],[-65.245,-26.997],[-65.246,-26.998],[-65.247,-26.998],[-65.249,-26.997],[-65.25,-26.997],[-65.251,-26.998],[-65.251,-27],[-65.25,-27.001],[-65.249,-27.001],[-65.248,-27],[-65.249,-26.999],[-65.248,-26.999],[-65.248,-27],[-65.247,-27],[-65.245,-27.001],[-65.244,-27.002],[-65.244,-27.004],[-65.245,-27.005],[-65.247,-27.005],[-65.248,-27.007],[-65.249,-27.008],[-65.25,-27.008],[-65.252,-27.008],[-65.254,-27.01],[-65.255,-27.011],[-65.255,-27.013],[-65.255,-27.014],[-65.256,-27.014],[-65.258,-27.013],[-65.259,-27.013],[-65.26,-27.015],[-65.261,-27.016],[-65.261,-27.017],[-65.26,-27.017],[-65.26,-27.018],[-65.257,-27.02],[-65.256,-27.022],[-65.257,-27.022],[-65.258,-27.023],[-65.26,-27.023],[-65.261,-27.022],[-65.261,-27.021],[-65.263,-27.022],[-65.264,-27.022],[-65.264,-27.021],[-65.264,-27.02],[-65.265,-27.02],[-65.266,-27.02],[-65.268,-27.021],[-65.269,-27.021],[-65.27,-27.02],[-65.269,-27.019],[-65.269,-27.018],[-65.267,-27.019],[-65.266,-27.019],[-65.266,-27.018],[-65.267,-27.014],[-65.268,-27.014],[-65.269,-27.013],[-65.268,-27.012],[-65.267,-27.012],[-65.267,-27.013],[-65.266,-27.014],[-65.264,-27.014],[-65.263,-27.013],[-65.264,-27.012],[-65.263,-27.011],[-65.263,-27.01],[-65.263,-27.009],[-65.263,-27.008],[-65.264,-27.009],[-65.264,-27.01],[-65.265,-27.011],[-65.266,-27.011],[-65.267,-27.01],[-65.267,-27.009],[-65.266,-27.008],[-65.266,-27.006],[-65.265,-27.006],[-65.264,-27.006],[-65.263,-27.006],[-65.263,-27.007],[-65.263,-27.008],[-65.262,-27.009],[-65.261,-27.01],[-65.26,-27.01],[-65.26,-27.009],[-65.26,-27.008],[-65.259,-27.008],[-65.258,-27.008],[-65.257,-27.008],[-65.257,-27.007],[-65.258,-27.007],[-65.259,-27.007],[-65.259,-27.006],[-65.258,-27.005],[-65.258,-27.004],[-65.259,-27.004],[-65.26,-27.004],[-65.261,-27.004],[-65.261,-27.003],[-65.26,-27.002],[-65.259,-27.002],[-65.259,-27],[-65.259,-26.999],[-65.26,-26.998],[-65.261,-26.998],[-65.262,-26.999],[-65.262,-27],[-65.263,-27],[-65.263,-26.999],[-65.264,-26.996],[-65.262,-26.995],[-65.26,-26.995],[-65.259,-26.994],[-65.26,-26.993],[-65.26,-26.992],[-65.261,-26.991],[-65.262,-26.989],[-65.264,-26.988],[-65.265,-26.988],[-65.265,-26.987],[-65.264,-26.986],[-65.262,-26.986],[-65.261,-26.986],[-65.26,-26.985],[-65.26,-26.984],[-65.262,-26.982],[-65.261,-26.982],[-65.26,-26.981],[-65.26,-26.98],[-65.258,-26.977],[-65.256,-26.976],[-65.255,-26.976],[-65.255,-26.977],[-65.254,-26.977],[-65.252,-26.978],[-65.252,-26.977],[-65.252,-26.976],[-65.252,-26.975],[-65.251,-26.974],[-65.251,-26.973],[-65.253,-26.973],[-65.254,-26.974],[-65.255,-26.973],[-65.256,-26.972],[-65.255,-26.972],[-65.254,-26.971],[-65.254,-26.97],[-65.254,-26.969],[-65.255,-26.969],[-65.256,-26.969],[-65.258,-26.971],[-65.259,-26.971],[-65.26,-26.971],[-65.26,-26.97],[-65.259,-26.97],[-65.257,-26.968],[-65.257,-26.967],[-65.259,-26.967],[-65.26,-26.967],[-65.261,-26.966],[-65.258,-26.963],[-65.258,-26.962],[-65.258,-26.961],[-65.258,-26.96],[-65.258,-26.959],[-65.26,-26.959],[-65.26,-26.957],[-65.261,-26.956],[-65.263,-26.956],[-65.265,-26.955],[-65.265,-26.954],[-65.264,-26.954],[-65.263,-26.954],[-65.262,-26.955],[-65.261,-26.955],[-65.26,-26.954],[-65.261,-26.953],[-65.261,-26.952],[-65.263,-26.952],[-65.264,-26.952],[-65.265,-26.952],[-65.264,-26.953],[-65.265,-26.953],[-65.267,-26.952],[-65.267,-26.95],[-65.268,-26.949],[-65.27,-26.948],[-65.272,-26.946],[-65.273,-26.946],[-65.274,-26.946],[-65.275,-26.946],[-65.273,-26.945],[-65.273,-26.944],[-65.274,-26.944],[-65.274,-26.943],[-65.275,-26.943],[-65.276,-26.943],[-65.276,-26.945],[-65.277,-26.945],[-65.278,-26.945],[-65.279,-26.944],[-65.279,-26.943],[-65.28,-26.942],[-65.281,-26.941],[-65.283,-26.941],[-65.284,-26.941],[-65.285,-26.94],[-65.285,-26.939],[-65.284,-26.939],[-65.283,-26.939],[-65.283,-26.938],[-65.283,-26.937],[-65.284,-26.938],[-65.285,-26.937],[-65.285,-26.936],[-65.284,-26.936],[-65.283,-26.935],[-65.285,-26.934],[-65.285,-26.931],[-65.286,-26.93],[-65.287,-26.931],[-65.287,-26.932],[-65.288,-26.932],[-65.289,-26.932],[-65.291,-26.932],[-65.291,-26.93],[-65.29,-26.93],[-65.29,-26.931],[-65.289,-26.931],[-65.288,-26.931],[-65.288,-26.93],[-65.291,-26.928],[-65.29,-26.928],[-65.29,-26.927],[-65.29,-26.926],[-65.291,-26.927],[-65.292,-26.927],[-65.293,-26.927],[-65.293,-26.926],[-65.293,-26.925],[-65.294,-26.925],[-65.293,-26.924],[-65.294,-26.923],[-65.295,-26.923],[-65.294,-26.922],[-65.295,-26.921],[-65.296,-26.925],[-65.297,-26.927],[-65.298,-26.929],[-65.298,-26.931],[-65.306,-26.963],[-65.307,-26.967],[-65.308,-26.97],[-65.305,-26.971],[-65.305,-26.97],[-65.302,-26.971],[-65.304,-26.979],[-65.305,-26.98],[-65.306,-26.981],[-65.309,-26.979],[-65.314,-26.986],[-65.298,-26.995],[-65.295,-26.984],[-65.284,-26.986],[-65.293,-27.008],[-65.294,-27.011],[-65.294,-27.013],[-65.296,-27.013],[-65.3,-27.018],[-65.301,-27.02],[-65.302,-27.019],[-65.301,-27.018],[-65.3,-27.016],[-65.3,-27.014],[-65.299,-27.013],[-65.298,-27.012],[-65.299,-27.011],[-65.3,-27.011],[-65.3,-27.01],[-65.303,-27.012],[-65.304,-27.012],[-65.303,-27.01],[-65.305,-27.01],[-65.305,-27.012],[-65.312,-27.01],[-65.315,-27.01],[-65.315,-27.011],[-65.312,-27.012],[-65.31,-27.013],[-65.311,-27.014],[-65.309,-27.015],[-65.311,-27.02],[-65.31,-27.021],[-65.311,-27.024],[-65.309,-27.024],[-65.309,-27.025],[-65.31,-27.025],[-65.311,-27.026],[-65.31,-27.026],[-65.31,-27.027],[-65.311,-27.027],[-65.311,-27.028],[-65.312,-27.027],[-65.314,-27.028],[-65.316,-27.028],[-65.317,-27.029],[-65.317,-27.03],[-65.319,-27.03],[-65.319,-27.031],[-65.319,-27.032],[-65.319,-27.033],[-65.32,-27.033],[-65.319,-27.033],[-65.32,-27.034],[-65.324,-27.033],[-65.324,-27.032],[-65.326,-27.03],[-65.327,-27.029],[-65.328,-27.028],[-65.328,-27.027],[-65.329,-27.026],[-65.33,-27.026],[-65.33,-27.025],[-65.329,-27.024],[-65.33,-27.023],[-65.331,-27.024],[-65.331,-27.023],[-65.331,-27.022],[-65.331,-27.021],[-65.332,-27.021],[-65.333,-27.022],[-65.334,-27.022],[-65.336,-27.023],[-65.336,-27.022],[-65.337,-27.021],[-65.339,-27.022],[-65.34,-27.021],[-65.341,-27.021],[-65.342,-27.021],[-65.344,-27.022],[-65.346,-27.021],[-65.347,-27.021],[-65.347,-27.019],[-65.349,-27.019],[-65.349,-27.018],[-65.349,-27.017],[-65.348,-27.017],[-65.348,-27.018],[-65.347,-27.018],[-65.347,-27.017],[-65.348,-27.017],[-65.348,-27.016],[-65.349,-27.017],[-65.35,-27.017],[-65.351,-27.016],[-65.351,-27.015],[-65.351,-27.014],[-65.351,-27.013],[-65.353,-27.013],[-65.354,-27.012],[-65.354,-27.011],[-65.353,-27.009],[-65.354,-27.008],[-65.354,-27.009],[-65.355,-27.01],[-65.356,-27.01],[-65.357,-27.01],[-65.357,-27.009],[-65.356,-27.008],[-65.355,-27.008],[-65.355,-27.007],[-65.356,-27.004],[-65.356,-27.005],[-65.357,-27.006],[-65.359,-27.006],[-65.359,-27.005],[-65.358,-27.005],[-65.358,-27.004],[-65.357,-27.004],[-65.358,-27.004],[-65.358,-27.003],[-65.357,-27.002],[-65.358,-27.001],[-65.359,-27.003],[-65.36,-27.002],[-65.36,-27.001],[-65.359,-27.001],[-65.358,-27.001],[-65.361,-27],[-65.361,-27.001],[-65.362,-27.002],[-65.363,-27.002],[-65.363,-27.001],[-65.362,-27],[-65.361,-27],[-65.361,-26.999],[-65.362,-26.999],[-65.364,-26.999],[-65.364,-27],[-65.364,-27.001],[-65.365,-27.001],[-65.365,-27],[-65.365,-26.998],[-65.363,-26.997],[-65.364,-26.996],[-65.364,-26.995],[-65.364,-26.994],[-65.364,-26.992],[-65.364,-26.991],[-65.365,-26.989],[-65.364,-26.989],[-65.363,-26.989],[-65.363,-26.988],[-65.363,-26.986],[-65.366,-26.987],[-65.367,-26.987],[-65.367,-26.985],[-65.366,-26.984],[-65.367,-26.983],[-65.369,-26.984],[-65.37,-26.984],[-65.371,-26.983],[-65.372,-26.982],[-65.373,-26.981],[-65.373,-26.98],[-65.372,-26.979],[-65.374,-26.974],[-65.373,-26.972],[-65.373,-26.971],[-65.375,-26.97],[-65.376,-26.969],[-65.376,-26.968],[-65.375,-26.967],[-65.375,-26.966],[-65.382,-26.964],[-65.384,-26.963],[-65.385,-26.962],[-65.386,-26.961],[-65.389,-26.959],[-65.39,-26.957],[-65.39,-26.956],[-65.391,-26.956],[-65.392,-26.956],[-65.394,-26.956],[-65.397,-26.954],[-65.398,-26.952],[-65.399,-26.952],[-65.4,-26.952],[-65.401,-26.953],[-65.401,-26.955],[-65.402,-26.955],[-65.403,-26.954],[-65.404,-26.953],[-65.405,-26.953],[-65.406,-26.954],[-65.406,-26.955],[-65.405,-26.956],[-65.407,-26.956],[-65.408,-26.956],[-65.409,-26.954],[-65.409,-26.953],[-65.409,-26.952],[-65.409,-26.951],[-65.409,-26.948],[-65.41,-26.947],[-65.41,-26.946],[-65.411,-26.945],[-65.412,-26.945],[-65.414,-26.944],[-65.418,-26.944],[-65.42,-26.942],[-65.422,-26.941],[-65.422,-26.939],[-65.422,-26.938],[-65.423,-26.938],[-65.423,-26.937],[-65.424,-26.936],[-65.425,-26.936],[-65.426,-26.936],[-65.426,-26.937],[-65.427,-26.938],[-65.428,-26.937],[-65.428,-26.935],[-65.427,-26.934],[-65.43,-26.93],[-65.431,-26.928],[-65.433,-26.927],[-65.433,-26.926],[-65.433,-26.925],[-65.433,-26.924],[-65.434,-26.924],[-65.435,-26.924],[-65.435,-26.925],[-65.435,-26.926],[-65.435,-26.927],[-65.438,-26.927],[-65.44,-26.928],[-65.441,-26.928],[-65.442,-26.929],[-65.443,-26.927],[-65.444,-26.926],[-65.445,-26.924],[-65.446,-26.923],[-65.447,-26.922],[-65.448,-26.921],[-65.447,-26.92],[-65.447,-26.919],[-65.448,-26.918],[-65.448,-26.917],[-65.45,-26.915],[-65.45,-26.914],[-65.449,-26.912],[-65.449,-26.911],[-65.45,-26.909],[-65.449,-26.908],[-65.449,-26.907],[-65.449,-26.905],[-65.449,-26.904],[-65.449,-26.901],[-65.45,-26.9],[-65.451,-26.901],[-65.452,-26.899],[-65.454,-26.898],[-65.454,-26.897],[-65.455,-26.896],[-65.458,-26.895],[-65.459,-26.893],[-65.46,-26.893],[-65.461,-26.893],[-65.461,-26.892],[-65.462,-26.891],[-65.462,-26.889],[-65.462,-26.887],[-65.463,-26.887],[-65.464,-26.886],[-65.463,-26.886],[-65.463,-26.885],[-65.464,-26.884],[-65.465,-26.885],[-65.466,-26.884],[-65.466,-26.883],[-65.469,-26.882],[-65.47,-26.883],[-65.472,-26.883],[-65.473,-26.883],[-65.473,-26.882],[-65.474,-26.882],[-65.475,-26.882],[-65.476,-26.882],[-65.477,-26.883],[-65.478,-26.883],[-65.479,-26.883],[-65.48,-26.884],[-65.481,-26.884],[-65.482,-26.883],[-65.482,-26.882],[-65.483,-26.88],[-65.484,-26.879],[-65.485,-26.878],[-65.485,-26.877],[-65.486,-26.877],[-65.485,-26.876],[-65.486,-26.875],[-65.486,-26.874],[-65.487,-26.873],[-65.488,-26.873],[-65.49,-26.872],[-65.49,-26.871],[-65.492,-26.869],[-65.493,-26.869],[-65.494,-26.869],[-65.494,-26.868],[-65.495,-26.868],[-65.498,-26.866],[-65.499,-26.867],[-65.499,-26.866],[-65.5,-26.866],[-65.501,-26.866],[-65.502,-26.866],[-65.504,-26.866],[-65.505,-26.866],[-65.506,-26.865],[-65.507,-26.865],[-65.508,-26.865],[-65.51,-26.865],[-65.511,-26.864],[-65.513,-26.864],[-65.514,-26.865],[-65.516,-26.865],[-65.518,-26.865],[-65.519,-26.865],[-65.521,-26.864],[-65.526,-26.863],[-65.53,-26.862],[-65.531,-26.861],[-65.534,-26.861],[-65.54,-26.854],[-65.543,-26.855],[-65.545,-26.855],[-65.546,-26.855],[-65.547,-26.854],[-65.547,-26.853],[-65.552,-26.853],[-65.554,-26.85],[-65.555,-26.849],[-65.56,-26.851],[-65.56,-26.85],[-65.562,-26.85],[-65.563,-26.849],[-65.564,-26.85],[-65.566,-26.851],[-65.57,-26.854],[-65.574,-26.853],[-65.575,-26.85],[-65.578,-26.847],[-65.579,-26.846],[-65.582,-26.847],[-65.586,-26.848],[-65.587,-26.845],[-65.59,-26.844],[-65.592,-26.844],[-65.595,-26.845],[-65.597,-26.844],[-65.599,-26.844],[-65.603,-26.844],[-65.605,-26.844],[-65.605,-26.843],[-65.609,-26.842],[-65.612,-26.841],[-65.614,-26.839],[-65.617,-26.838],[-65.618,-26.838],[-65.618,-26.827],[-65.619,-26.825],[-65.621,-26.825],[-65.623,-26.825],[-65.63,-26.826],[-65.638,-26.826],[-65.647,-26.826],[-65.649,-26.826],[-65.65,-26.828],[-65.653,-26.831],[-65.655,-26.832],[-65.655,-26.83],[-65.653,-26.823],[-65.652,-26.819],[-65.652,-26.817],[-65.653,-26.816],[-65.653,-26.812],[-65.657,-26.811],[-65.676,-26.815],[-65.68,-26.813],[-65.689,-26.795],[-65.688,-26.793],[-65.69,-26.788],[-65.693,-26.781],[-65.696,-26.774],[-65.711,-26.739],[-65.707,-26.739],[-65.706,-26.741],[-65.703,-26.74],[-65.7,-26.74],[-65.696,-26.74],[-65.695,-26.74],[-65.694,-26.739],[-65.693,-26.738],[-65.692,-26.738],[-65.691,-26.738],[-65.69,-26.739],[-65.689,-26.74],[-65.687,-26.74],[-65.686,-26.74],[-65.684,-26.74],[-65.684,-26.739],[-65.681,-26.74],[-65.678,-26.741],[-65.675,-26.741],[-65.674,-26.742],[-65.671,-26.745],[-65.671,-26.746],[-65.672,-26.746],[-65.672,-26.747],[-65.671,-26.748],[-65.672,-26.75],[-65.671,-26.751],[-65.667,-26.751],[-65.667,-26.752],[-65.666,-26.752],[-65.665,-26.753],[-65.664,-26.753],[-65.663,-26.754],[-65.663,-26.753],[-65.661,-26.754],[-65.658,-26.753],[-65.657,-26.753],[-65.656,-26.754],[-65.656,-26.755],[-65.655,-26.755],[-65.653,-26.756],[-65.651,-26.757],[-65.651,-26.756],[-65.648,-26.756],[-65.648,-26.755],[-65.648,-26.754],[-65.647,-26.753],[-65.644,-26.753],[-65.643,-26.753],[-65.642,-26.753],[-65.641,-26.753],[-65.64,-26.753],[-65.64,-26.752],[-65.64,-26.751],[-65.641,-26.751],[-65.642,-26.75],[-65.641,-26.749],[-65.639,-26.749],[-65.639,-26.748],[-65.641,-26.747],[-65.642,-26.746],[-65.641,-26.746],[-65.64,-26.744],[-65.639,-26.744],[-65.638,-26.744],[-65.637,-26.744],[-65.636,-26.741],[-65.634,-26.74],[-65.634,-26.739],[-65.633,-26.738],[-65.632,-26.738],[-65.631,-26.738],[-65.628,-26.738],[-65.627,-26.737],[-65.626,-26.736],[-65.625,-26.736],[-65.624,-26.736],[-65.623,-26.736],[-65.621,-26.735],[-65.62,-26.734],[-65.619,-26.733],[-65.618,-26.732],[-65.615,-26.729],[-65.614,-26.729],[-65.61,-26.728],[-65.607,-26.729],[-65.606,-26.729],[-65.605,-26.731],[-65.604,-26.731],[-65.603,-26.731],[-65.602,-26.733],[-65.601,-26.733],[-65.599,-26.733],[-65.598,-26.733],[-65.597,-26.734],[-65.596,-26.734],[-65.595,-26.735],[-65.593,-26.735],[-65.592,-26.737],[-65.588,-26.738],[-65.586,-26.738],[-65.585,-26.739],[-65.584,-26.74],[-65.584,-26.741],[-65.582,-26.743],[-65.581,-26.743],[-65.576,-26.744],[-65.574,-26.744],[-65.573,-26.744],[-65.573,-26.745],[-65.572,-26.746],[-65.572,-26.748],[-65.571,-26.748],[-65.57,-26.749],[-65.569,-26.749],[-65.568,-26.749],[-65.568,-26.751],[-65.567,-26.751],[-65.566,-26.751],[-65.565,-26.752],[-65.566,-26.752],[-65.566,-26.753],[-65.565,-26.754],[-65.565,-26.755],[-65.564,-26.757],[-65.564,-26.756],[-65.563,-26.756],[-65.562,-26.757],[-65.562,-26.758],[-65.561,-26.758],[-65.559,-26.758],[-65.558,-26.759],[-65.557,-26.759],[-65.556,-26.76],[-65.554,-26.76],[-65.554,-26.761],[-65.553,-26.762],[-65.552,-26.762],[-65.551,-26.762],[-65.552,-26.76],[-65.551,-26.76],[-65.55,-26.76],[-65.548,-26.764],[-65.547,-26.764],[-65.545,-26.764],[-65.543,-26.762],[-65.541,-26.761],[-65.54,-26.76],[-65.54,-26.759],[-65.539,-26.758],[-65.538,-26.758],[-65.536,-26.759],[-65.535,-26.758],[-65.534,-26.758],[-65.533,-26.758],[-65.532,-26.759],[-65.53,-26.758],[-65.529,-26.758],[-65.529,-26.757],[-65.529,-26.756],[-65.528,-26.756],[-65.527,-26.755],[-65.524,-26.754],[-65.523,-26.751],[-65.521,-26.75],[-65.52,-26.75],[-65.519,-26.75],[-65.516,-26.748],[-65.515,-26.749],[-65.514,-26.75],[-65.515,-26.752],[-65.514,-26.753],[-65.513,-26.754],[-65.512,-26.754],[-65.51,-26.753],[-65.509,-26.753],[-65.508,-26.755],[-65.507,-26.756],[-65.506,-26.756],[-65.505,-26.756],[-65.503,-26.754],[-65.502,-26.755],[-65.501,-26.756],[-65.5,-26.756],[-65.498,-26.756],[-65.497,-26.756],[-65.496,-26.756],[-65.494,-26.757],[-65.493,-26.757],[-65.492,-26.757],[-65.49,-26.757],[-65.489,-26.757],[-65.485,-26.759],[-65.483,-26.76],[-65.481,-26.761],[-65.48,-26.762],[-65.478,-26.763],[-65.475,-26.767],[-65.474,-26.768],[-65.472,-26.767],[-65.471,-26.767],[-65.462,-26.77],[-65.461,-26.771],[-65.46,-26.772],[-65.458,-26.773],[-65.457,-26.776],[-65.457,-26.777],[-65.455,-26.782],[-65.454,-26.782],[-65.453,-26.786],[-65.451,-26.787],[-65.451,-26.79],[-65.451,-26.791],[-65.451,-26.792],[-65.451,-26.795],[-65.45,-26.795],[-65.45,-26.796],[-65.448,-26.798],[-65.446,-26.799],[-65.444,-26.8],[-65.442,-26.802],[-65.441,-26.803],[-65.44,-26.803],[-65.439,-26.804],[-65.438,-26.804],[-65.437,-26.805],[-65.437,-26.806],[-65.435,-26.806],[-65.434,-26.807],[-65.433,-26.808],[-65.432,-26.808]]]}},{"type":"Feature","properties":{"departamento":"MONTEROS","cabecera":"Monteros"},"geometry":{"type":"Polygon","coordinates":[[[-65.427,-27.128],[-65.426,-27.126],[-65.425,-27.126],[-65.424,-27.126],[-65.424,-27.127],[-65.423,-27.128],[-65.425,-27.131],[-65.424,-27.131],[-65.423,-27.131],[-65.421,-27.13],[-65.42,-27.13],[-65.42,-27.131],[-65.42,-27.132],[-65.417,-27.132],[-65.415,-27.133],[-65.413,-27.135],[-65.411,-27.136],[-65.409,-27.137],[-65.409,-27.139],[-65.409,-27.14],[-65.41,-27.141],[-65.411,-27.141],[-65.412,-27.142],[-65.413,-27.142],[-65.414,-27.142],[-65.414,-27.143],[-65.415,-27.143],[-65.415,-27.144],[-65.415,-27.145],[-65.414,-27.146],[-65.413,-27.145],[-65.412,-27.144],[-65.412,-27.143],[-65.411,-27.143],[-65.41,-27.144],[-65.408,-27.145],[-65.406,-27.144],[-65.405,-27.145],[-65.404,-27.146],[-65.404,-27.148],[-65.401,-27.15],[-65.401,-27.151],[-65.4,-27.152],[-65.4,-27.153],[-65.399,-27.153],[-65.398,-27.153],[-65.398,-27.152],[-65.398,-27.151],[-65.397,-27.15],[-65.396,-27.149],[-65.394,-27.15],[-65.393,-27.149],[-65.392,-27.149],[-65.391,-27.149],[-65.389,-27.15],[-65.386,-27.151],[-65.385,-27.151],[-65.385,-27.152],[-65.385,-27.153],[-65.386,-27.153],[-65.387,-27.153],[-65.387,-27.152],[-65.388,-27.152],[-65.389,-27.152],[-65.39,-27.151],[-65.391,-27.152],[-65.39,-27.153],[-65.389,-27.154],[-65.386,-27.155],[-65.382,-27.157],[-65.38,-27.157],[-65.378,-27.156],[-65.377,-27.157],[-65.378,-27.159],[-65.379,-27.159],[-65.38,-27.159],[-65.38,-27.16],[-65.377,-27.161],[-65.378,-27.163],[-65.377,-27.164],[-65.375,-27.163],[-65.375,-27.162],[-65.376,-27.161],[-65.376,-27.16],[-65.374,-27.159],[-65.373,-27.159],[-65.373,-27.161],[-65.373,-27.162],[-65.374,-27.162],[-65.374,-27.163],[-65.372,-27.163],[-65.371,-27.162],[-65.369,-27.162],[-65.369,-27.163],[-65.37,-27.165],[-65.371,-27.166],[-65.371,-27.168],[-65.371,-27.169],[-65.371,-27.171],[-65.372,-27.172],[-65.37,-27.173],[-65.369,-27.173],[-65.367,-27.173],[-65.366,-27.173],[-65.365,-27.174],[-65.366,-27.175],[-65.367,-27.176],[-65.366,-27.177],[-65.365,-27.176],[-65.363,-27.176],[-65.362,-27.176],[-65.362,-27.177],[-65.363,-27.177],[-65.363,-27.178],[-65.364,-27.18],[-65.369,-27.181],[-65.373,-27.182],[-65.379,-27.183],[-65.384,-27.182],[-65.386,-27.181],[-65.391,-27.177],[-65.393,-27.176],[-65.395,-27.174],[-65.396,-27.174],[-65.398,-27.175],[-65.398,-27.174],[-65.4,-27.175],[-65.401,-27.176],[-65.403,-27.179],[-65.406,-27.181],[-65.407,-27.182],[-65.408,-27.183],[-65.41,-27.192],[-65.412,-27.204],[-65.415,-27.204],[-65.416,-27.204],[-65.416,-27.205],[-65.417,-27.211],[-65.419,-27.21],[-65.42,-27.21],[-65.421,-27.211],[-65.423,-27.217],[-65.436,-27.209],[-65.439,-27.22],[-65.442,-27.219],[-65.442,-27.218],[-65.445,-27.218],[-65.445,-27.217],[-65.446,-27.217],[-65.448,-27.227],[-65.45,-27.23],[-65.451,-27.234],[-65.452,-27.234],[-65.452,-27.235],[-65.453,-27.236],[-65.453,-27.235],[-65.454,-27.235],[-65.455,-27.235],[-65.456,-27.235],[-65.456,-27.234],[-65.459,-27.246],[-65.461,-27.246],[-65.461,-27.247],[-65.464,-27.261],[-65.46,-27.262],[-65.461,-27.267],[-65.458,-27.267],[-65.46,-27.273],[-65.461,-27.273],[-65.465,-27.292],[-65.466,-27.293],[-65.466,-27.294],[-65.465,-27.294],[-65.468,-27.298],[-65.47,-27.298],[-65.47,-27.3],[-65.473,-27.298],[-65.475,-27.298],[-65.476,-27.298],[-65.478,-27.298],[-65.479,-27.299],[-65.48,-27.299],[-65.481,-27.3],[-65.481,-27.301],[-65.482,-27.301],[-65.482,-27.3],[-65.483,-27.299],[-65.484,-27.298],[-65.486,-27.298],[-65.49,-27.299],[-65.493,-27.298],[-65.493,-27.296],[-65.493,-27.294],[-65.494,-27.293],[-65.495,-27.293],[-65.496,-27.292],[-65.498,-27.293],[-65.499,-27.294],[-65.5,-27.295],[-65.501,-27.296],[-65.502,-27.297],[-65.503,-27.297],[-65.504,-27.296],[-65.506,-27.295],[-65.507,-27.295],[-65.508,-27.293],[-65.51,-27.292],[-65.509,-27.289],[-65.511,-27.289],[-65.512,-27.289],[-65.513,-27.29],[-65.514,-27.291],[-65.516,-27.291],[-65.517,-27.292],[-65.517,-27.291],[-65.517,-27.29],[-65.517,-27.289],[-65.518,-27.288],[-65.519,-27.288],[-65.521,-27.288],[-65.524,-27.289],[-65.528,-27.288],[-65.529,-27.286],[-65.529,-27.284],[-65.529,-27.283],[-65.53,-27.278],[-65.532,-27.276],[-65.533,-27.276],[-65.535,-27.276],[-65.536,-27.277],[-65.537,-27.279],[-65.537,-27.282],[-65.538,-27.283],[-65.538,-27.284],[-65.54,-27.285],[-65.543,-27.285],[-65.548,-27.285],[-65.556,-27.284],[-65.562,-27.282],[-65.564,-27.282],[-65.566,-27.281],[-65.57,-27.281],[-65.571,-27.281],[-65.572,-27.279],[-65.573,-27.279],[-65.575,-27.279],[-65.576,-27.278],[-65.577,-27.278],[-65.578,-27.277],[-65.579,-27.278],[-65.58,-27.278],[-65.582,-27.277],[-65.583,-27.276],[-65.583,-27.275],[-65.584,-27.274],[-65.585,-27.273],[-65.588,-27.271],[-65.589,-27.268],[-65.59,-27.267],[-65.591,-27.266],[-65.593,-27.267],[-65.594,-27.265],[-65.596,-27.265],[-65.597,-27.265],[-65.598,-27.265],[-65.599,-27.265],[-65.602,-27.265],[-65.604,-27.263],[-65.605,-27.263],[-65.607,-27.261],[-65.607,-27.26],[-65.608,-27.26],[-65.611,-27.26],[-65.612,-27.258],[-65.613,-27.258],[-65.615,-27.258],[-65.617,-27.258],[-65.619,-27.257],[-65.621,-27.254],[-65.622,-27.254],[-65.623,-27.254],[-65.624,-27.255],[-65.625,-27.255],[-65.625,-27.254],[-65.624,-27.254],[-65.625,-27.254],[-65.626,-27.253],[-65.627,-27.252],[-65.628,-27.252],[-65.629,-27.251],[-65.631,-27.25],[-65.633,-27.25],[-65.634,-27.249],[-65.635,-27.246],[-65.637,-27.245],[-65.639,-27.243],[-65.64,-27.243],[-65.641,-27.242],[-65.643,-27.242],[-65.647,-27.241],[-65.65,-27.24],[-65.653,-27.239],[-65.654,-27.239],[-65.656,-27.239],[-65.657,-27.239],[-65.658,-27.239],[-65.659,-27.239],[-65.66,-27.238],[-65.661,-27.238],[-65.663,-27.238],[-65.666,-27.237],[-65.668,-27.235],[-65.672,-27.232],[-65.675,-27.231],[-65.676,-27.23],[-65.678,-27.229],[-65.68,-27.227],[-65.683,-27.227],[-65.684,-27.226],[-65.687,-27.224],[-65.689,-27.222],[-65.69,-27.22],[-65.69,-27.219],[-65.69,-27.216],[-65.69,-27.214],[-65.691,-27.211],[-65.693,-27.209],[-65.694,-27.208],[-65.695,-27.205],[-65.695,-27.204],[-65.696,-27.203],[-65.696,-27.202],[-65.697,-27.202],[-65.702,-27.201],[-65.704,-27.201],[-65.706,-27.2],[-65.709,-27.199],[-65.711,-27.199],[-65.713,-27.2],[-65.715,-27.199],[-65.716,-27.199],[-65.719,-27.2],[-65.72,-27.199],[-65.721,-27.197],[-65.722,-27.197],[-65.724,-27.198],[-65.729,-27.199],[-65.731,-27.198],[-65.733,-27.198],[-65.736,-27.198],[-65.737,-27.197],[-65.738,-27.197],[-65.739,-27.197],[-65.74,-27.198],[-65.741,-27.198],[-65.742,-27.198],[-65.743,-27.196],[-65.744,-27.196],[-65.746,-27.196],[-65.748,-27.198],[-65.749,-27.197],[-65.75,-27.198],[-65.755,-27.201],[-65.758,-27.2],[-65.759,-27.201],[-65.762,-27.202],[-65.763,-27.201],[-65.765,-27.201],[-65.767,-27.2],[-65.768,-27.2],[-65.769,-27.2],[-65.77,-27.2],[-65.773,-27.197],[-65.775,-27.195],[-65.777,-27.195],[-65.778,-27.195],[-65.779,-27.194],[-65.78,-27.195],[-65.783,-27.195],[-65.783,-27.196],[-65.784,-27.195],[-65.786,-27.195],[-65.786,-27.194],[-65.788,-27.195],[-65.789,-27.194],[-65.79,-27.194],[-65.792,-27.195],[-65.793,-27.195],[-65.794,-27.194],[-65.795,-27.195],[-65.796,-27.195],[-65.797,-27.194],[-65.797,-27.193],[-65.796,-27.193],[-65.795,-27.192],[-65.796,-27.191],[-65.797,-27.191],[-65.798,-27.191],[-65.797,-27.19],[-65.797,-27.188],[-65.798,-27.186],[-65.798,-27.185],[-65.798,-27.184],[-65.798,-27.182],[-65.799,-27.181],[-65.8,-27.181],[-65.799,-27.18],[-65.799,-27.179],[-65.798,-27.179],[-65.797,-27.178],[-65.798,-27.177],[-65.798,-27.176],[-65.799,-27.174],[-65.8,-27.174],[-65.8,-27.173],[-65.799,-27.171],[-65.799,-27.17],[-65.798,-27.169],[-65.797,-27.169],[-65.798,-27.166],[-65.798,-27.165],[-65.798,-27.164],[-65.798,-27.163],[-65.8,-27.164],[-65.8,-27.163],[-65.8,-27.162],[-65.799,-27.162],[-65.799,-27.161],[-65.8,-27.159],[-65.802,-27.158],[-65.804,-27.157],[-65.805,-27.156],[-65.806,-27.157],[-65.808,-27.156],[-65.812,-27.155],[-65.813,-27.155],[-65.813,-27.154],[-65.813,-27.153],[-65.813,-27.152],[-65.814,-27.152],[-65.814,-27.151],[-65.815,-27.151],[-65.816,-27.151],[-65.816,-27.15],[-65.817,-27.15],[-65.818,-27.148],[-65.818,-27.147],[-65.818,-27.146],[-65.818,-27.144],[-65.819,-27.144],[-65.82,-27.142],[-65.82,-27.141],[-65.821,-27.139],[-65.822,-27.139],[-65.823,-27.137],[-65.825,-27.136],[-65.827,-27.136],[-65.828,-27.136],[-65.829,-27.137],[-65.861,-27.118],[-65.869,-27.117],[-65.872,-27.117],[-65.881,-27.112],[-65.884,-27.111],[-65.888,-27.111],[-65.891,-27.108],[-65.894,-27.105],[-65.898,-27.102],[-65.902,-27.1],[-65.918,-27.098],[-65.923,-27.096],[-65.931,-27.088],[-65.973,-27.054],[-65.971,-27.054],[-65.969,-27.053],[-65.968,-27.051],[-65.966,-27.05],[-65.965,-27.048],[-65.965,-27.047],[-65.965,-27.046],[-65.965,-27.045],[-65.965,-27.043],[-65.965,-27.041],[-65.965,-27.038],[-65.965,-27.037],[-65.966,-27.035],[-65.964,-27.033],[-65.962,-27.033],[-65.96,-27.033],[-65.958,-27.033],[-65.956,-27.033],[-65.954,-27.03],[-65.952,-27.028],[-65.951,-27.027],[-65.947,-27.024],[-65.946,-27.023],[-65.943,-27.021],[-65.938,-27.019],[-65.934,-27.019],[-65.933,-27.018],[-65.932,-27.017],[-65.927,-27.018],[-65.922,-27.018],[-65.921,-27.018],[-65.919,-27.016],[-65.917,-27.015],[-65.915,-27.012],[-65.915,-27.01],[-65.914,-27.008],[-65.914,-27.007],[-65.914,-27.005],[-65.916,-27.004],[-65.917,-27.001],[-65.917,-26.999],[-65.915,-26.997],[-65.915,-26.994],[-65.916,-26.993],[-65.917,-26.992],[-65.918,-26.991],[-65.918,-26.99],[-65.917,-26.99],[-65.916,-26.989],[-65.914,-26.983],[-65.912,-26.981],[-65.904,-26.979],[-65.899,-26.979],[-65.896,-26.978],[-65.891,-26.975],[-65.892,-26.973],[-65.874,-26.982],[-65.873,-26.982],[-65.871,-26.982],[-65.869,-26.981],[-65.866,-26.982],[-65.865,-26.982],[-65.864,-26.982],[-65.861,-26.983],[-65.861,-26.984],[-65.86,-26.985],[-65.861,-26.987],[-65.86,-26.987],[-65.859,-26.988],[-65.857,-26.989],[-65.856,-26.99],[-65.855,-26.991],[-65.855,-26.992],[-65.855,-26.993],[-65.856,-26.998],[-65.856,-27],[-65.856,-27.001],[-65.855,-27.001],[-65.855,-27.002],[-65.855,-27.004],[-65.856,-27.005],[-65.853,-27.008],[-65.853,-27.009],[-65.852,-27.01],[-65.853,-27.011],[-65.852,-27.011],[-65.852,-27.013],[-65.854,-27.015],[-65.854,-27.016],[-65.852,-27.018],[-65.851,-27.019],[-65.849,-27.02],[-65.848,-27.02],[-65.847,-27.021],[-65.847,-27.023],[-65.847,-27.024],[-65.846,-27.024],[-65.846,-27.025],[-65.845,-27.025],[-65.844,-27.026],[-65.843,-27.025],[-65.843,-27.026],[-65.842,-27.026],[-65.843,-27.027],[-65.842,-27.028],[-65.84,-27.028],[-65.836,-27.029],[-65.836,-27.03],[-65.835,-27.031],[-65.835,-27.032],[-65.834,-27.033],[-65.833,-27.034],[-65.832,-27.033],[-65.83,-27.034],[-65.829,-27.035],[-65.83,-27.036],[-65.829,-27.036],[-65.829,-27.037],[-65.827,-27.036],[-65.827,-27.037],[-65.827,-27.038],[-65.827,-27.039],[-65.826,-27.039],[-65.824,-27.039],[-65.823,-27.04],[-65.824,-27.041],[-65.824,-27.042],[-65.825,-27.043],[-65.825,-27.044],[-65.824,-27.044],[-65.823,-27.044],[-65.822,-27.044],[-65.821,-27.044],[-65.82,-27.045],[-65.819,-27.045],[-65.818,-27.046],[-65.818,-27.048],[-65.817,-27.05],[-65.818,-27.051],[-65.819,-27.052],[-65.82,-27.052],[-65.819,-27.054],[-65.817,-27.056],[-65.817,-27.058],[-65.818,-27.059],[-65.818,-27.061],[-65.819,-27.062],[-65.819,-27.063],[-65.818,-27.063],[-65.817,-27.064],[-65.815,-27.065],[-65.814,-27.065],[-65.813,-27.065],[-65.81,-27.063],[-65.808,-27.062],[-65.807,-27.063],[-65.804,-27.063],[-65.803,-27.063],[-65.802,-27.064],[-65.802,-27.065],[-65.801,-27.066],[-65.8,-27.066],[-65.799,-27.068],[-65.799,-27.069],[-65.798,-27.071],[-65.798,-27.072],[-65.799,-27.072],[-65.8,-27.072],[-65.8,-27.073],[-65.8,-27.074],[-65.798,-27.075],[-65.797,-27.075],[-65.796,-27.074],[-65.795,-27.075],[-65.795,-27.076],[-65.796,-27.077],[-65.796,-27.078],[-65.797,-27.079],[-65.796,-27.08],[-65.795,-27.081],[-65.796,-27.081],[-65.796,-27.083],[-65.797,-27.085],[-65.797,-27.087],[-65.796,-27.088],[-65.794,-27.089],[-65.792,-27.089],[-65.791,-27.09],[-65.792,-27.091],[-65.792,-27.092],[-65.791,-27.093],[-65.793,-27.094],[-65.794,-27.095],[-65.793,-27.095],[-65.792,-27.097],[-65.791,-27.098],[-65.79,-27.098],[-65.789,-27.097],[-65.789,-27.098],[-65.787,-27.098],[-65.787,-27.099],[-65.787,-27.1],[-65.787,-27.101],[-65.783,-27.1],[-65.781,-27.1],[-65.781,-27.099],[-65.781,-27.098],[-65.78,-27.097],[-65.779,-27.097],[-65.779,-27.096],[-65.778,-27.096],[-65.776,-27.094],[-65.775,-27.093],[-65.771,-27.094],[-65.771,-27.093],[-65.771,-27.092],[-65.771,-27.091],[-65.773,-27.09],[-65.774,-27.09],[-65.775,-27.09],[-65.776,-27.089],[-65.776,-27.087],[-65.776,-27.086],[-65.775,-27.084],[-65.775,-27.083],[-65.774,-27.082],[-65.772,-27.082],[-65.772,-27.081],[-65.773,-27.081],[-65.776,-27.078],[-65.777,-27.075],[-65.777,-27.074],[-65.776,-27.073],[-65.777,-27.072],[-65.776,-27.072],[-65.776,-27.071],[-65.776,-27.07],[-65.777,-27.069],[-65.778,-27.068],[-65.778,-27.067],[-65.777,-27.066],[-65.778,-27.064],[-65.779,-27.062],[-65.778,-27.06],[-65.778,-27.059],[-65.779,-27.058],[-65.778,-27.056],[-65.78,-27.054],[-65.78,-27.051],[-65.779,-27.05],[-65.781,-27.049],[-65.78,-27.047],[-65.753,-27.039],[-65.748,-27.037],[-65.742,-27.035],[-65.736,-27.035],[-65.73,-27.036],[-65.721,-27.034],[-65.716,-27.032],[-65.719,-27.025],[-65.718,-27.023],[-65.714,-27.018],[-65.712,-27.013],[-65.711,-27.01],[-65.707,-27.005],[-65.703,-27.001],[-65.702,-26.996],[-65.699,-26.992],[-65.696,-26.99],[-65.69,-26.986],[-65.688,-26.985],[-65.709,-26.972],[-65.697,-26.968],[-65.681,-26.978],[-65.672,-26.955],[-65.673,-26.942],[-65.663,-26.941],[-65.662,-26.953],[-65.648,-26.955],[-65.648,-26.953],[-65.65,-26.949],[-65.652,-26.945],[-65.652,-26.941],[-65.656,-26.938],[-65.657,-26.934],[-65.657,-26.93],[-65.646,-26.934],[-65.64,-26.922],[-65.611,-26.934],[-65.607,-26.929],[-65.606,-26.93],[-65.604,-26.932],[-65.6,-26.932],[-65.6,-26.934],[-65.592,-26.934],[-65.587,-26.939],[-65.585,-26.94],[-65.574,-26.95],[-65.574,-26.952],[-65.568,-26.958],[-65.564,-26.959],[-65.554,-26.96],[-65.549,-26.965],[-65.543,-26.968],[-65.548,-26.971],[-65.54,-26.982],[-65.536,-26.983],[-65.53,-26.987],[-65.53,-26.993],[-65.531,-26.994],[-65.528,-27.002],[-65.521,-27.004],[-65.519,-27.002],[-65.515,-27.005],[-65.513,-27.01],[-65.51,-27.012],[-65.508,-27.011],[-65.501,-27.016],[-65.5,-27.02],[-65.497,-27.021],[-65.495,-27.025],[-65.493,-27.025],[-65.493,-27.024],[-65.495,-27.02],[-65.495,-27.019],[-65.495,-27.018],[-65.495,-27.016],[-65.49,-27.02],[-65.489,-27.023],[-65.489,-27.026],[-65.489,-27.027],[-65.487,-27.028],[-65.487,-27.029],[-65.486,-27.03],[-65.486,-27.032],[-65.484,-27.033],[-65.483,-27.034],[-65.484,-27.035],[-65.484,-27.036],[-65.484,-27.038],[-65.483,-27.039],[-65.481,-27.041],[-65.481,-27.042],[-65.48,-27.042],[-65.479,-27.044],[-65.478,-27.048],[-65.478,-27.049],[-65.478,-27.05],[-65.479,-27.052],[-65.478,-27.054],[-65.477,-27.055],[-65.477,-27.057],[-65.477,-27.058],[-65.477,-27.059],[-65.477,-27.061],[-65.477,-27.062],[-65.478,-27.062],[-65.48,-27.065],[-65.481,-27.07],[-65.481,-27.071],[-65.482,-27.071],[-65.483,-27.071],[-65.484,-27.072],[-65.485,-27.074],[-65.485,-27.075],[-65.485,-27.076],[-65.486,-27.076],[-65.487,-27.078],[-65.487,-27.08],[-65.488,-27.08],[-65.488,-27.081],[-65.489,-27.082],[-65.488,-27.083],[-65.489,-27.084],[-65.488,-27.085],[-65.488,-27.087],[-65.487,-27.089],[-65.486,-27.09],[-65.484,-27.091],[-65.482,-27.092],[-65.482,-27.093],[-65.483,-27.094],[-65.485,-27.095],[-65.485,-27.096],[-65.483,-27.097],[-65.482,-27.098],[-65.481,-27.098],[-65.481,-27.096],[-65.48,-27.095],[-65.479,-27.095],[-65.478,-27.095],[-65.477,-27.096],[-65.475,-27.096],[-65.475,-27.097],[-65.476,-27.099],[-65.475,-27.1],[-65.476,-27.101],[-65.474,-27.102],[-65.473,-27.102],[-65.473,-27.103],[-65.472,-27.102],[-65.471,-27.101],[-65.47,-27.1],[-65.467,-27.101],[-65.467,-27.102],[-65.467,-27.103],[-65.466,-27.104],[-65.467,-27.105],[-65.468,-27.105],[-65.468,-27.106],[-65.469,-27.107],[-65.471,-27.108],[-65.472,-27.108],[-65.471,-27.109],[-65.47,-27.109],[-65.469,-27.109],[-65.466,-27.108],[-65.465,-27.108],[-65.464,-27.109],[-65.464,-27.11],[-65.465,-27.111],[-65.462,-27.112],[-65.461,-27.113],[-65.458,-27.113],[-65.457,-27.113],[-65.457,-27.114],[-65.458,-27.115],[-65.459,-27.115],[-65.462,-27.114],[-65.463,-27.115],[-65.463,-27.116],[-65.462,-27.116],[-65.46,-27.116],[-65.459,-27.117],[-65.458,-27.117],[-65.456,-27.117],[-65.454,-27.116],[-65.451,-27.116],[-65.45,-27.117],[-65.45,-27.118],[-65.448,-27.118],[-65.447,-27.12],[-65.448,-27.121],[-65.447,-27.121],[-65.446,-27.12],[-65.445,-27.12],[-65.445,-27.118],[-65.443,-27.118],[-65.443,-27.119],[-65.443,-27.121],[-65.444,-27.123],[-65.443,-27.123],[-65.441,-27.124],[-65.438,-27.124],[-65.437,-27.125],[-65.438,-27.126],[-65.437,-27.126],[-65.436,-27.125],[-65.435,-27.124],[-65.434,-27.125],[-65.433,-27.126],[-65.433,-27.127],[-65.432,-27.127],[-65.431,-27.125],[-65.431,-27.124],[-65.43,-27.123],[-65.429,-27.125],[-65.431,-27.128],[-65.431,-27.13],[-65.431,-27.131],[-65.429,-27.131],[-65.428,-27.131],[-65.427,-27.13],[-65.427,-27.129],[-65.427,-27.128]]]}},{"type":"Feature","properties":{"departamento":"LEALES","cabecera":"Bella Vista"},"geometry":{"type":"Polygon","coordinates":[[[-65.246,-26.998],[-65.225,-27.002],[-65.224,-27.001],[-65.223,-27.002],[-65.203,-27.006],[-65.181,-27.01],[-65.182,-27.012],[-65.165,-27.015],[-65.166,-27.016],[-65.122,-27.025],[-65.123,-27.026],[-65.121,-27.026],[-65.119,-27.016],[-65.091,-27.021],[-65.05,-27.029],[-65.047,-27.015],[-65.028,-27.019],[-64.947,-27.035],[-64.944,-27.036],[-64.942,-27.038],[-64.938,-27.041],[-64.937,-27.04],[-64.898,-27.047],[-64.899,-27.049],[-64.814,-27.064],[-64.816,-27.07],[-64.781,-27.077],[-64.79,-27.112],[-64.798,-27.151],[-64.811,-27.149],[-64.828,-27.222],[-64.832,-27.22],[-64.854,-27.317],[-64.934,-27.344],[-64.938,-27.358],[-64.974,-27.351],[-65.001,-27.452],[-65.008,-27.479],[-65.008,-27.481],[-65.009,-27.484],[-65.028,-27.483],[-65.03,-27.483],[-65.032,-27.482],[-65.038,-27.479],[-65.04,-27.478],[-65.043,-27.475],[-65.044,-27.474],[-65.046,-27.471],[-65.046,-27.47],[-65.048,-27.468],[-65.049,-27.465],[-65.05,-27.461],[-65.054,-27.457],[-65.055,-27.456],[-65.057,-27.456],[-65.058,-27.453],[-65.059,-27.452],[-65.06,-27.45],[-65.061,-27.449],[-65.062,-27.447],[-65.062,-27.444],[-65.063,-27.442],[-65.063,-27.444],[-65.063,-27.445],[-65.062,-27.452],[-65.063,-27.452],[-65.063,-27.453],[-65.064,-27.455],[-65.063,-27.455],[-65.062,-27.455],[-65.062,-27.459],[-65.063,-27.462],[-65.064,-27.461],[-65.065,-27.461],[-65.065,-27.46],[-65.065,-27.459],[-65.067,-27.459],[-65.068,-27.459],[-65.07,-27.458],[-65.071,-27.457],[-65.074,-27.458],[-65.076,-27.458],[-65.077,-27.458],[-65.078,-27.458],[-65.079,-27.457],[-65.08,-27.458],[-65.081,-27.457],[-65.081,-27.456],[-65.083,-27.456],[-65.082,-27.455],[-65.083,-27.455],[-65.084,-27.455],[-65.085,-27.454],[-65.086,-27.453],[-65.087,-27.453],[-65.089,-27.454],[-65.091,-27.455],[-65.093,-27.455],[-65.095,-27.453],[-65.096,-27.451],[-65.096,-27.45],[-65.095,-27.449],[-65.095,-27.448],[-65.095,-27.447],[-65.096,-27.447],[-65.097,-27.446],[-65.099,-27.446],[-65.103,-27.448],[-65.104,-27.447],[-65.104,-27.446],[-65.103,-27.444],[-65.102,-27.443],[-65.1,-27.443],[-65.094,-27.443],[-65.092,-27.442],[-65.092,-27.441],[-65.089,-27.439],[-65.089,-27.434],[-65.088,-27.429],[-65.089,-27.428],[-65.091,-27.427],[-65.092,-27.426],[-65.092,-27.425],[-65.092,-27.422],[-65.093,-27.421],[-65.093,-27.42],[-65.095,-27.42],[-65.096,-27.421],[-65.097,-27.422],[-65.097,-27.423],[-65.097,-27.424],[-65.096,-27.426],[-65.097,-27.427],[-65.096,-27.426],[-65.096,-27.427],[-65.096,-27.428],[-65.098,-27.429],[-65.1,-27.429],[-65.104,-27.427],[-65.106,-27.427],[-65.107,-27.428],[-65.109,-27.427],[-65.111,-27.426],[-65.113,-27.425],[-65.114,-27.424],[-65.114,-27.423],[-65.114,-27.419],[-65.115,-27.418],[-65.116,-27.416],[-65.117,-27.413],[-65.117,-27.412],[-65.117,-27.411],[-65.117,-27.41],[-65.118,-27.409],[-65.12,-27.407],[-65.122,-27.406],[-65.123,-27.406],[-65.124,-27.408],[-65.125,-27.408],[-65.126,-27.408],[-65.127,-27.408],[-65.128,-27.405],[-65.129,-27.404],[-65.131,-27.403],[-65.131,-27.402],[-65.135,-27.4],[-65.137,-27.398],[-65.14,-27.397],[-65.143,-27.395],[-65.144,-27.394],[-65.143,-27.391],[-65.143,-27.387],[-65.144,-27.386],[-65.146,-27.383],[-65.151,-27.381],[-65.152,-27.38],[-65.154,-27.378],[-65.156,-27.373],[-65.157,-27.372],[-65.159,-27.372],[-65.16,-27.371],[-65.162,-27.371],[-65.164,-27.372],[-65.167,-27.372],[-65.169,-27.369],[-65.168,-27.368],[-65.171,-27.366],[-65.172,-27.364],[-65.174,-27.364],[-65.175,-27.363],[-65.18,-27.363],[-65.186,-27.366],[-65.187,-27.365],[-65.19,-27.364],[-65.193,-27.362],[-65.193,-27.359],[-65.195,-27.356],[-65.196,-27.355],[-65.198,-27.354],[-65.199,-27.355],[-65.2,-27.354],[-65.202,-27.353],[-65.2,-27.35],[-65.203,-27.349],[-65.205,-27.349],[-65.206,-27.349],[-65.208,-27.348],[-65.208,-27.346],[-65.212,-27.343],[-65.213,-27.342],[-65.213,-27.338],[-65.214,-27.337],[-65.216,-27.335],[-65.219,-27.334],[-65.22,-27.333],[-65.22,-27.332],[-65.218,-27.331],[-65.217,-27.331],[-65.217,-27.329],[-65.217,-27.328],[-65.217,-27.327],[-65.218,-27.326],[-65.217,-27.324],[-65.217,-27.322],[-65.216,-27.32],[-65.216,-27.319],[-65.217,-27.315],[-65.218,-27.315],[-65.219,-27.315],[-65.223,-27.315],[-65.227,-27.316],[-65.228,-27.316],[-65.231,-27.317],[-65.231,-27.315],[-65.232,-27.313],[-65.233,-27.312],[-65.235,-27.309],[-65.237,-27.308],[-65.239,-27.306],[-65.241,-27.305],[-65.242,-27.304],[-65.243,-27.303],[-65.244,-27.302],[-65.247,-27.298],[-65.252,-27.294],[-65.259,-27.289],[-65.262,-27.289],[-65.265,-27.287],[-65.269,-27.285],[-65.274,-27.283],[-65.283,-27.274],[-65.286,-27.27],[-65.287,-27.27],[-65.289,-27.269],[-65.296,-27.269],[-65.299,-27.268],[-65.301,-27.267],[-65.301,-27.266],[-65.301,-27.263],[-65.3,-27.262],[-65.299,-27.261],[-65.298,-27.26],[-65.298,-27.258],[-65.298,-27.256],[-65.3,-27.253],[-65.299,-27.252],[-65.299,-27.251],[-65.3,-27.25],[-65.302,-27.249],[-65.304,-27.249],[-65.305,-27.248],[-65.306,-27.246],[-65.305,-27.244],[-65.305,-27.243],[-65.304,-27.243],[-65.303,-27.242],[-65.303,-27.241],[-65.305,-27.239],[-65.304,-27.239],[-65.305,-27.237],[-65.304,-27.236],[-65.302,-27.235],[-65.301,-27.234],[-65.3,-27.232],[-65.299,-27.23],[-65.299,-27.227],[-65.3,-27.225],[-65.301,-27.224],[-65.303,-27.223],[-65.307,-27.221],[-65.309,-27.22],[-65.31,-27.221],[-65.314,-27.221],[-65.315,-27.222],[-65.317,-27.222],[-65.318,-27.222],[-65.319,-27.221],[-65.32,-27.221],[-65.321,-27.218],[-65.322,-27.217],[-65.325,-27.216],[-65.326,-27.216],[-65.327,-27.216],[-65.329,-27.217],[-65.332,-27.218],[-65.333,-27.218],[-65.334,-27.217],[-65.335,-27.217],[-65.336,-27.215],[-65.336,-27.214],[-65.336,-27.212],[-65.335,-27.211],[-65.334,-27.21],[-65.334,-27.207],[-65.334,-27.204],[-65.335,-27.202],[-65.336,-27.201],[-65.337,-27.201],[-65.338,-27.201],[-65.339,-27.201],[-65.34,-27.201],[-65.342,-27.2],[-65.343,-27.198],[-65.344,-27.197],[-65.346,-27.193],[-65.347,-27.19],[-65.348,-27.187],[-65.349,-27.185],[-65.35,-27.184],[-65.352,-27.182],[-65.354,-27.18],[-65.358,-27.179],[-65.359,-27.179],[-65.36,-27.18],[-65.362,-27.18],[-65.364,-27.18],[-65.363,-27.178],[-65.363,-27.177],[-65.362,-27.177],[-65.362,-27.176],[-65.363,-27.176],[-65.365,-27.176],[-65.366,-27.177],[-65.367,-27.176],[-65.366,-27.175],[-65.365,-27.174],[-65.366,-27.173],[-65.367,-27.173],[-65.369,-27.173],[-65.37,-27.173],[-65.372,-27.172],[-65.371,-27.171],[-65.371,-27.169],[-65.371,-27.168],[-65.371,-27.166],[-65.37,-27.165],[-65.369,-27.163],[-65.369,-27.162],[-65.371,-27.162],[-65.372,-27.163],[-65.374,-27.163],[-65.374,-27.162],[-65.373,-27.162],[-65.373,-27.161],[-65.373,-27.159],[-65.374,-27.159],[-65.376,-27.16],[-65.376,-27.161],[-65.375,-27.162],[-65.375,-27.163],[-65.377,-27.164],[-65.378,-27.163],[-65.377,-27.161],[-65.38,-27.16],[-65.38,-27.159],[-65.379,-27.159],[-65.378,-27.159],[-65.377,-27.157],[-65.378,-27.156],[-65.38,-27.157],[-65.382,-27.157],[-65.386,-27.155],[-65.389,-27.154],[-65.39,-27.153],[-65.391,-27.152],[-65.39,-27.151],[-65.389,-27.152],[-65.388,-27.152],[-65.387,-27.152],[-65.387,-27.153],[-65.386,-27.153],[-65.385,-27.153],[-65.385,-27.152],[-65.385,-27.151],[-65.386,-27.151],[-65.389,-27.15],[-65.391,-27.149],[-65.392,-27.149],[-65.393,-27.149],[-65.394,-27.15],[-65.396,-27.149],[-65.397,-27.15],[-65.398,-27.151],[-65.398,-27.152],[-65.398,-27.153],[-65.399,-27.153],[-65.4,-27.153],[-65.4,-27.152],[-65.401,-27.151],[-65.401,-27.15],[-65.404,-27.148],[-65.404,-27.146],[-65.405,-27.145],[-65.406,-27.144],[-65.408,-27.145],[-65.41,-27.144],[-65.411,-27.143],[-65.412,-27.143],[-65.412,-27.144],[-65.413,-27.145],[-65.414,-27.146],[-65.415,-27.145],[-65.415,-27.144],[-65.415,-27.143],[-65.414,-27.143],[-65.414,-27.142],[-65.413,-27.142],[-65.412,-27.142],[-65.411,-27.141],[-65.41,-27.141],[-65.409,-27.14],[-65.409,-27.139],[-65.409,-27.137],[-65.411,-27.136],[-65.413,-27.135],[-65.415,-27.133],[-65.417,-27.132],[-65.42,-27.132],[-65.42,-27.131],[-65.42,-27.13],[-65.421,-27.13],[-65.423,-27.131],[-65.424,-27.131],[-65.425,-27.131],[-65.423,-27.128],[-65.424,-27.127],[-65.424,-27.126],[-65.425,-27.126],[-65.426,-27.126],[-65.427,-27.128],[-65.426,-27.125],[-65.422,-27.128],[-65.421,-27.125],[-65.42,-27.121],[-65.424,-27.119],[-65.422,-27.112],[-65.42,-27.112],[-65.42,-27.113],[-65.419,-27.113],[-65.419,-27.114],[-65.418,-27.115],[-65.417,-27.115],[-65.416,-27.115],[-65.415,-27.115],[-65.415,-27.116],[-65.414,-27.116],[-65.412,-27.117],[-65.411,-27.117],[-65.41,-27.118],[-65.409,-27.118],[-65.409,-27.119],[-65.408,-27.119],[-65.407,-27.119],[-65.405,-27.115],[-65.403,-27.116],[-65.396,-27.104],[-65.393,-27.105],[-65.393,-27.104],[-65.39,-27.089],[-65.384,-27.093],[-65.384,-27.094],[-65.383,-27.094],[-65.379,-27.096],[-65.378,-27.097],[-65.377,-27.098],[-65.375,-27.098],[-65.374,-27.099],[-65.373,-27.099],[-65.374,-27.099],[-65.373,-27.1],[-65.367,-27.102],[-65.364,-27.103],[-65.363,-27.103],[-65.362,-27.103],[-65.361,-27.104],[-65.36,-27.104],[-65.361,-27.104],[-65.362,-27.105],[-65.361,-27.105],[-65.361,-27.106],[-65.36,-27.105],[-65.359,-27.106],[-65.359,-27.107],[-65.358,-27.107],[-65.357,-27.107],[-65.355,-27.108],[-65.355,-27.107],[-65.353,-27.108],[-65.353,-27.109],[-65.352,-27.108],[-65.352,-27.107],[-65.351,-27.107],[-65.352,-27.106],[-65.351,-27.106],[-65.351,-27.105],[-65.352,-27.102],[-65.35,-27.103],[-65.349,-27.104],[-65.344,-27.105],[-65.344,-27.104],[-65.343,-27.103],[-65.343,-27.102],[-65.344,-27.101],[-65.345,-27.101],[-65.346,-27.1],[-65.346,-27.099],[-65.345,-27.097],[-65.345,-27.095],[-65.346,-27.095],[-65.347,-27.094],[-65.349,-27.094],[-65.35,-27.094],[-65.35,-27.093],[-65.35,-27.092],[-65.349,-27.091],[-65.349,-27.09],[-65.348,-27.089],[-65.348,-27.088],[-65.349,-27.088],[-65.349,-27.089],[-65.35,-27.089],[-65.351,-27.088],[-65.351,-27.087],[-65.351,-27.086],[-65.349,-27.086],[-65.348,-27.085],[-65.348,-27.086],[-65.348,-27.085],[-65.347,-27.085],[-65.348,-27.084],[-65.348,-27.083],[-65.347,-27.082],[-65.346,-27.082],[-65.345,-27.082],[-65.345,-27.081],[-65.344,-27.081],[-65.343,-27.079],[-65.344,-27.079],[-65.345,-27.079],[-65.345,-27.078],[-65.346,-27.078],[-65.346,-27.077],[-65.346,-27.076],[-65.345,-27.077],[-65.345,-27.076],[-65.344,-27.075],[-65.344,-27.076],[-65.343,-27.075],[-65.342,-27.075],[-65.342,-27.074],[-65.342,-27.073],[-65.341,-27.074],[-65.34,-27.073],[-65.341,-27.072],[-65.341,-27.071],[-65.338,-27.071],[-65.337,-27.07],[-65.337,-27.069],[-65.338,-27.069],[-65.338,-27.068],[-65.338,-27.067],[-65.337,-27.066],[-65.337,-27.065],[-65.338,-27.062],[-65.337,-27.061],[-65.336,-27.06],[-65.335,-27.06],[-65.334,-27.06],[-65.332,-27.059],[-65.333,-27.058],[-65.335,-27.057],[-65.335,-27.055],[-65.334,-27.055],[-65.334,-27.056],[-65.333,-27.056],[-65.333,-27.057],[-65.332,-27.057],[-65.332,-27.058],[-65.331,-27.058],[-65.331,-27.057],[-65.331,-27.056],[-65.33,-27.056],[-65.329,-27.055],[-65.328,-27.055],[-65.328,-27.054],[-65.33,-27.055],[-65.331,-27.054],[-65.332,-27.054],[-65.331,-27.053],[-65.33,-27.054],[-65.33,-27.053],[-65.329,-27.053],[-65.329,-27.052],[-65.329,-27.051],[-65.329,-27.05],[-65.328,-27.051],[-65.327,-27.05],[-65.326,-27.05],[-65.323,-27.05],[-65.323,-27.049],[-65.322,-27.049],[-65.322,-27.048],[-65.323,-27.048],[-65.324,-27.048],[-65.324,-27.049],[-65.325,-27.049],[-65.325,-27.048],[-65.325,-27.047],[-65.325,-27.046],[-65.325,-27.045],[-65.324,-27.045],[-65.324,-27.043],[-65.323,-27.043],[-65.322,-27.043],[-65.322,-27.041],[-65.323,-27.041],[-65.324,-27.04],[-65.326,-27.04],[-65.327,-27.039],[-65.326,-27.037],[-65.326,-27.036],[-65.324,-27.034],[-65.324,-27.033],[-65.32,-27.034],[-65.319,-27.033],[-65.32,-27.033],[-65.319,-27.033],[-65.319,-27.032],[-65.319,-27.031],[-65.319,-27.03],[-65.317,-27.03],[-65.317,-27.029],[-65.316,-27.028],[-65.314,-27.028],[-65.312,-27.027],[-65.311,-27.027],[-65.31,-27.027],[-65.31,-27.026],[-65.311,-27.026],[-65.31,-27.025],[-65.309,-27.025],[-65.309,-27.024],[-65.311,-27.024],[-65.31,-27.021],[-65.311,-27.02],[-65.309,-27.015],[-65.311,-27.014],[-65.31,-27.013],[-65.312,-27.012],[-65.315,-27.011],[-65.315,-27.01],[-65.312,-27.01],[-65.305,-27.012],[-65.305,-27.01],[-65.303,-27.01],[-65.304,-27.012],[-65.303,-27.012],[-65.3,-27.01],[-65.3,-27.011],[-65.299,-27.011],[-65.298,-27.012],[-65.299,-27.013],[-65.3,-27.014],[-65.3,-27.016],[-65.301,-27.018],[-65.302,-27.019],[-65.301,-27.02],[-65.3,-27.018],[-65.296,-27.013],[-65.294,-27.013],[-65.294,-27.011],[-65.293,-27.008],[-65.284,-26.986],[-65.295,-26.984],[-65.298,-26.995],[-65.314,-26.986],[-65.309,-26.979],[-65.306,-26.981],[-65.305,-26.98],[-65.304,-26.979],[-65.302,-26.971],[-65.305,-26.97],[-65.305,-26.971],[-65.308,-26.97],[-65.307,-26.967],[-65.306,-26.963],[-65.298,-26.931],[-65.298,-26.929],[-65.297,-26.927],[-65.296,-26.925],[-65.295,-26.921],[-65.294,-26.922],[-65.295,-26.923],[-65.294,-26.923],[-65.293,-26.924],[-65.294,-26.925],[-65.293,-26.925],[-65.293,-26.926],[-65.293,-26.927],[-65.292,-26.927],[-65.291,-26.927],[-65.29,-26.926],[-65.29,-26.927],[-65.29,-26.928],[-65.291,-26.928],[-65.288,-26.93],[-65.288,-26.931],[-65.289,-26.931],[-65.29,-26.931],[-65.29,-26.93],[-65.291,-26.93],[-65.291,-26.932],[-65.289,-26.932],[-65.288,-26.932],[-65.287,-26.932],[-65.287,-26.931],[-65.286,-26.93],[-65.285,-26.931],[-65.285,-26.934],[-65.283,-26.935],[-65.284,-26.936],[-65.285,-26.936],[-65.285,-26.937],[-65.284,-26.938],[-65.283,-26.937],[-65.283,-26.938],[-65.283,-26.939],[-65.284,-26.939],[-65.285,-26.939],[-65.285,-26.94],[-65.284,-26.941],[-65.283,-26.941],[-65.281,-26.941],[-65.28,-26.942],[-65.279,-26.943],[-65.279,-26.944],[-65.278,-26.945],[-65.277,-26.945],[-65.276,-26.945],[-65.276,-26.943],[-65.275,-26.943],[-65.274,-26.943],[-65.274,-26.944],[-65.273,-26.944],[-65.273,-26.945],[-65.275,-26.946],[-65.274,-26.946],[-65.273,-26.946],[-65.272,-26.946],[-65.27,-26.948],[-65.268,-26.949],[-65.267,-26.95],[-65.267,-26.952],[-65.265,-26.953],[-65.264,-26.953],[-65.265,-26.952],[-65.264,-26.952],[-65.263,-26.952],[-65.261,-26.952],[-65.261,-26.953],[-65.26,-26.954],[-65.261,-26.955],[-65.262,-26.955],[-65.263,-26.954],[-65.264,-26.954],[-65.265,-26.954],[-65.265,-26.955],[-65.263,-26.956],[-65.261,-26.956],[-65.26,-26.957],[-65.26,-26.959],[-65.258,-26.959],[-65.258,-26.96],[-65.258,-26.961],[-65.258,-26.962],[-65.258,-26.963],[-65.261,-26.966],[-65.26,-26.967],[-65.259,-26.967],[-65.257,-26.967],[-65.257,-26.968],[-65.259,-26.97],[-65.26,-26.97],[-65.26,-26.971],[-65.259,-26.971],[-65.258,-26.971],[-65.256,-26.969],[-65.255,-26.969],[-65.254,-26.969],[-65.254,-26.97],[-65.254,-26.971],[-65.255,-26.972],[-65.256,-26.972],[-65.255,-26.973],[-65.254,-26.974],[-65.253,-26.973],[-65.251,-26.973],[-65.251,-26.974],[-65.252,-26.975],[-65.252,-26.976],[-65.252,-26.977],[-65.252,-26.978],[-65.254,-26.977],[-65.255,-26.977],[-65.255,-26.976],[-65.256,-26.976],[-65.258,-26.977],[-65.26,-26.98],[-65.26,-26.981],[-65.261,-26.982],[-65.262,-26.982],[-65.26,-26.984],[-65.26,-26.985],[-65.261,-26.986],[-65.262,-26.986],[-65.264,-26.986],[-65.265,-26.987],[-65.265,-26.988],[-65.264,-26.988],[-65.262,-26.989],[-65.261,-26.991],[-65.26,-26.992],[-65.26,-26.993],[-65.259,-26.994],[-65.26,-26.995],[-65.262,-26.995],[-65.264,-26.996],[-65.263,-26.999],[-65.263,-27],[-65.262,-27],[-65.262,-26.999],[-65.261,-26.998],[-65.26,-26.998],[-65.259,-26.999],[-65.259,-27],[-65.259,-27.002],[-65.26,-27.002],[-65.261,-27.003],[-65.261,-27.004],[-65.26,-27.004],[-65.259,-27.004],[-65.258,-27.004],[-65.258,-27.005],[-65.259,-27.006],[-65.259,-27.007],[-65.258,-27.007],[-65.257,-27.007],[-65.257,-27.008],[-65.258,-27.008],[-65.259,-27.008],[-65.26,-27.008],[-65.26,-27.009],[-65.26,-27.01],[-65.261,-27.01],[-65.262,-27.009],[-65.263,-27.008],[-65.263,-27.007],[-65.263,-27.006],[-65.264,-27.006],[-65.265,-27.006],[-65.266,-27.006],[-65.266,-27.008],[-65.267,-27.009],[-65.267,-27.01],[-65.266,-27.011],[-65.265,-27.011],[-65.264,-27.01],[-65.264,-27.009],[-65.263,-27.008],[-65.263,-27.009],[-65.263,-27.01],[-65.263,-27.011],[-65.264,-27.012],[-65.263,-27.013],[-65.264,-27.014],[-65.266,-27.014],[-65.267,-27.013],[-65.267,-27.012],[-65.268,-27.012],[-65.269,-27.013],[-65.268,-27.014],[-65.267,-27.014],[-65.266,-27.018],[-65.266,-27.019],[-65.267,-27.019],[-65.269,-27.018],[-65.269,-27.019],[-65.27,-27.02],[-65.269,-27.021],[-65.268,-27.021],[-65.266,-27.02],[-65.265,-27.02],[-65.264,-27.02],[-65.264,-27.021],[-65.264,-27.022],[-65.263,-27.022],[-65.261,-27.021],[-65.261,-27.022],[-65.26,-27.023],[-65.258,-27.023],[-65.257,-27.022],[-65.256,-27.022],[-65.256,-27.021],[-65.257,-27.02],[-65.26,-27.018],[-65.26,-27.017],[-65.261,-27.016],[-65.259,-27.013],[-65.258,-27.013],[-65.256,-27.014],[-65.255,-27.014],[-65.255,-27.013],[-65.255,-27.011],[-65.254,-27.01],[-65.252,-27.008],[-65.25,-27.008],[-65.249,-27.008],[-65.248,-27.007],[-65.247,-27.005],[-65.245,-27.005],[-65.244,-27.004],[-65.244,-27.003],[-65.245,-27.001],[-65.247,-27],[-65.248,-27],[-65.248,-26.999],[-65.249,-26.999],[-65.248,-27],[-65.249,-27.001],[-65.25,-27.001],[-65.251,-27],[-65.251,-26.998],[-65.25,-26.997],[-65.249,-26.997],[-65.247,-26.998],[-65.246,-26.998]]]}},{"type":"Feature","properties":{"departamento":"FAMAILLA","cabecera":"Famaillá"},"geometry":{"type":"Polygon","coordinates":[[[-65.324,-27.033],[-65.324,-27.034],[-65.326,-27.036],[-65.326,-27.037],[-65.327,-27.039],[-65.326,-27.04],[-65.324,-27.04],[-65.323,-27.041],[-65.322,-27.041],[-65.322,-27.043],[-65.323,-27.043],[-65.324,-27.043],[-65.324,-27.045],[-65.325,-27.045],[-65.325,-27.046],[-65.325,-27.047],[-65.325,-27.048],[-65.325,-27.049],[-65.324,-27.049],[-65.324,-27.048],[-65.323,-27.048],[-65.322,-27.048],[-65.322,-27.049],[-65.323,-27.049],[-65.323,-27.05],[-65.326,-27.05],[-65.327,-27.05],[-65.328,-27.051],[-65.329,-27.05],[-65.329,-27.051],[-65.329,-27.052],[-65.329,-27.053],[-65.33,-27.053],[-65.33,-27.054],[-65.331,-27.053],[-65.332,-27.054],[-65.331,-27.054],[-65.33,-27.055],[-65.328,-27.054],[-65.328,-27.055],[-65.329,-27.055],[-65.33,-27.056],[-65.331,-27.056],[-65.331,-27.057],[-65.331,-27.058],[-65.332,-27.058],[-65.332,-27.057],[-65.333,-27.057],[-65.333,-27.056],[-65.334,-27.056],[-65.334,-27.055],[-65.335,-27.055],[-65.335,-27.057],[-65.333,-27.058],[-65.332,-27.059],[-65.334,-27.06],[-65.335,-27.06],[-65.336,-27.06],[-65.337,-27.061],[-65.338,-27.062],[-65.337,-27.065],[-65.337,-27.066],[-65.338,-27.067],[-65.338,-27.068],[-65.338,-27.069],[-65.337,-27.069],[-65.337,-27.07],[-65.338,-27.071],[-65.341,-27.071],[-65.341,-27.072],[-65.34,-27.073],[-65.341,-27.074],[-65.342,-27.073],[-65.342,-27.074],[-65.342,-27.075],[-65.343,-27.075],[-65.344,-27.076],[-65.344,-27.075],[-65.345,-27.076],[-65.345,-27.077],[-65.346,-27.076],[-65.346,-27.077],[-65.346,-27.078],[-65.345,-27.078],[-65.345,-27.079],[-65.344,-27.079],[-65.343,-27.079],[-65.344,-27.081],[-65.345,-27.081],[-65.345,-27.082],[-65.346,-27.082],[-65.347,-27.082],[-65.348,-27.083],[-65.348,-27.084],[-65.347,-27.085],[-65.348,-27.085],[-65.348,-27.086],[-65.348,-27.085],[-65.349,-27.086],[-65.351,-27.086],[-65.351,-27.087],[-65.351,-27.088],[-65.35,-27.089],[-65.349,-27.089],[-65.349,-27.088],[-65.348,-27.088],[-65.348,-27.089],[-65.349,-27.09],[-65.349,-27.091],[-65.35,-27.092],[-65.35,-27.093],[-65.35,-27.094],[-65.349,-27.094],[-65.347,-27.094],[-65.346,-27.095],[-65.345,-27.095],[-65.345,-27.097],[-65.346,-27.099],[-65.346,-27.1],[-65.345,-27.101],[-65.344,-27.101],[-65.343,-27.102],[-65.343,-27.103],[-65.344,-27.104],[-65.344,-27.105],[-65.349,-27.104],[-65.35,-27.103],[-65.352,-27.102],[-65.351,-27.105],[-65.351,-27.106],[-65.352,-27.106],[-65.351,-27.107],[-65.352,-27.107],[-65.352,-27.108],[-65.353,-27.109],[-65.353,-27.108],[-65.355,-27.107],[-65.355,-27.108],[-65.357,-27.107],[-65.358,-27.107],[-65.359,-27.107],[-65.359,-27.106],[-65.36,-27.105],[-65.361,-27.106],[-65.361,-27.105],[-65.362,-27.105],[-65.361,-27.104],[-65.36,-27.104],[-65.361,-27.104],[-65.362,-27.103],[-65.363,-27.103],[-65.364,-27.103],[-65.367,-27.102],[-65.373,-27.1],[-65.374,-27.099],[-65.373,-27.099],[-65.374,-27.099],[-65.375,-27.098],[-65.377,-27.098],[-65.378,-27.097],[-65.379,-27.096],[-65.383,-27.094],[-65.384,-27.094],[-65.384,-27.093],[-65.39,-27.089],[-65.393,-27.104],[-65.393,-27.105],[-65.396,-27.104],[-65.403,-27.116],[-65.405,-27.115],[-65.407,-27.119],[-65.408,-27.119],[-65.409,-27.119],[-65.409,-27.118],[-65.41,-27.118],[-65.411,-27.117],[-65.412,-27.117],[-65.414,-27.116],[-65.415,-27.116],[-65.415,-27.115],[-65.416,-27.115],[-65.417,-27.115],[-65.418,-27.115],[-65.419,-27.114],[-65.419,-27.113],[-65.42,-27.113],[-65.42,-27.112],[-65.422,-27.112],[-65.424,-27.119],[-65.42,-27.121],[-65.421,-27.125],[-65.422,-27.128],[-65.426,-27.125],[-65.427,-27.129],[-65.427,-27.13],[-65.428,-27.131],[-65.429,-27.132],[-65.43,-27.131],[-65.431,-27.131],[-65.431,-27.13],[-65.431,-27.128],[-65.429,-27.125],[-65.43,-27.123],[-65.431,-27.124],[-65.431,-27.125],[-65.432,-27.127],[-65.433,-27.127],[-65.433,-27.126],[-65.434,-27.125],[-65.435,-27.124],[-65.436,-27.125],[-65.437,-27.126],[-65.438,-27.126],[-65.437,-27.125],[-65.438,-27.124],[-65.441,-27.124],[-65.443,-27.123],[-65.444,-27.123],[-65.443,-27.121],[-65.443,-27.119],[-65.443,-27.118],[-65.445,-27.118],[-65.445,-27.12],[-65.446,-27.12],[-65.447,-27.121],[-65.448,-27.121],[-65.447,-27.12],[-65.448,-27.118],[-65.45,-27.118],[-65.45,-27.117],[-65.451,-27.116],[-65.454,-27.116],[-65.456,-27.117],[-65.458,-27.117],[-65.459,-27.117],[-65.46,-27.116],[-65.462,-27.116],[-65.463,-27.116],[-65.463,-27.115],[-65.462,-27.114],[-65.459,-27.115],[-65.458,-27.115],[-65.457,-27.114],[-65.457,-27.113],[-65.458,-27.113],[-65.461,-27.113],[-65.462,-27.112],[-65.465,-27.111],[-65.464,-27.11],[-65.464,-27.109],[-65.465,-27.108],[-65.466,-27.108],[-65.469,-27.109],[-65.47,-27.109],[-65.471,-27.109],[-65.472,-27.108],[-65.471,-27.108],[-65.469,-27.107],[-65.468,-27.106],[-65.468,-27.105],[-65.467,-27.105],[-65.466,-27.104],[-65.467,-27.103],[-65.467,-27.102],[-65.467,-27.101],[-65.47,-27.1],[-65.471,-27.101],[-65.472,-27.102],[-65.473,-27.103],[-65.473,-27.102],[-65.474,-27.102],[-65.476,-27.101],[-65.475,-27.1],[-65.476,-27.099],[-65.475,-27.097],[-65.475,-27.096],[-65.477,-27.096],[-65.478,-27.095],[-65.479,-27.095],[-65.48,-27.095],[-65.481,-27.096],[-65.481,-27.098],[-65.482,-27.098],[-65.484,-27.096],[-65.485,-27.096],[-65.485,-27.095],[-65.483,-27.094],[-65.482,-27.093],[-65.482,-27.092],[-65.484,-27.091],[-65.486,-27.09],[-65.487,-27.09],[-65.487,-27.089],[-65.488,-27.088],[-65.488,-27.086],[-65.488,-27.085],[-65.488,-27.084],[-65.489,-27.084],[-65.488,-27.083],[-65.489,-27.082],[-65.488,-27.081],[-65.488,-27.08],[-65.487,-27.08],[-65.487,-27.078],[-65.486,-27.076],[-65.485,-27.076],[-65.485,-27.075],[-65.485,-27.074],[-65.484,-27.072],[-65.483,-27.071],[-65.482,-27.071],[-65.481,-27.071],[-65.481,-27.07],[-65.48,-27.065],[-65.478,-27.062],[-65.477,-27.062],[-65.477,-27.06],[-65.477,-27.059],[-65.477,-27.058],[-65.477,-27.057],[-65.477,-27.055],[-65.478,-27.054],[-65.479,-27.052],[-65.478,-27.05],[-65.478,-27.049],[-65.478,-27.048],[-65.479,-27.044],[-65.48,-27.042],[-65.481,-27.042],[-65.481,-27.041],[-65.483,-27.039],[-65.484,-27.038],[-65.484,-27.036],[-65.484,-27.035],[-65.483,-27.034],[-65.484,-27.033],[-65.486,-27.032],[-65.486,-27.03],[-65.487,-27.029],[-65.487,-27.028],[-65.489,-27.027],[-65.489,-27.026],[-65.489,-27.023],[-65.49,-27.02],[-65.495,-27.016],[-65.495,-27.018],[-65.495,-27.019],[-65.495,-27.02],[-65.493,-27.024],[-65.493,-27.025],[-65.495,-27.025],[-65.497,-27.021],[-65.5,-27.02],[-65.501,-27.016],[-65.508,-27.011],[-65.51,-27.012],[-65.513,-27.01],[-65.515,-27.005],[-65.519,-27.002],[-65.521,-27.004],[-65.528,-27.002],[-65.531,-26.994],[-65.53,-26.993],[-65.53,-26.987],[-65.536,-26.983],[-65.54,-26.982],[-65.548,-26.971],[-65.543,-26.968],[-65.549,-26.965],[-65.554,-26.96],[-65.564,-26.959],[-65.568,-26.958],[-65.574,-26.952],[-65.574,-26.95],[-65.585,-26.94],[-65.587,-26.939],[-65.592,-26.934],[-65.6,-26.934],[-65.6,-26.932],[-65.604,-26.932],[-65.606,-26.93],[-65.607,-26.929],[-65.611,-26.934],[-65.64,-26.922],[-65.646,-26.934],[-65.657,-26.93],[-65.656,-26.928],[-65.657,-26.923],[-65.658,-26.923],[-65.663,-26.911],[-65.663,-26.91],[-65.661,-26.908],[-65.66,-26.905],[-65.657,-26.903],[-65.657,-26.899],[-65.652,-26.891],[-65.647,-26.891],[-65.648,-26.892],[-65.641,-26.895],[-65.639,-26.894],[-65.639,-26.886],[-65.637,-26.881],[-65.634,-26.877],[-65.632,-26.877],[-65.629,-26.876],[-65.628,-26.871],[-65.628,-26.87],[-65.628,-26.864],[-65.627,-26.864],[-65.63,-26.85],[-65.628,-26.847],[-65.627,-26.841],[-65.624,-26.839],[-65.624,-26.836],[-65.623,-26.827],[-65.624,-26.825],[-65.621,-26.825],[-65.619,-26.825],[-65.618,-26.827],[-65.618,-26.838],[-65.617,-26.838],[-65.614,-26.839],[-65.612,-26.841],[-65.609,-26.842],[-65.605,-26.843],[-65.605,-26.844],[-65.603,-26.844],[-65.599,-26.844],[-65.597,-26.844],[-65.595,-26.845],[-65.592,-26.844],[-65.59,-26.844],[-65.587,-26.845],[-65.586,-26.848],[-65.582,-26.847],[-65.579,-26.846],[-65.578,-26.847],[-65.575,-26.85],[-65.574,-26.853],[-65.57,-26.854],[-65.566,-26.851],[-65.564,-26.85],[-65.563,-26.849],[-65.562,-26.85],[-65.56,-26.85],[-65.56,-26.851],[-65.555,-26.849],[-65.554,-26.85],[-65.552,-26.853],[-65.547,-26.853],[-65.547,-26.854],[-65.546,-26.855],[-65.545,-26.855],[-65.543,-26.855],[-65.54,-26.854],[-65.534,-26.861],[-65.531,-26.861],[-65.53,-26.862],[-65.526,-26.863],[-65.521,-26.864],[-65.519,-26.865],[-65.518,-26.865],[-65.516,-26.865],[-65.514,-26.865],[-65.513,-26.864],[-65.511,-26.864],[-65.51,-26.865],[-65.508,-26.865],[-65.507,-26.865],[-65.506,-26.865],[-65.505,-26.866],[-65.504,-26.866],[-65.502,-26.866],[-65.501,-26.866],[-65.5,-26.866],[-65.499,-26.866],[-65.499,-26.867],[-65.498,-26.866],[-65.495,-26.868],[-65.494,-26.868],[-65.494,-26.869],[-65.493,-26.869],[-65.492,-26.869],[-65.49,-26.871],[-65.49,-26.872],[-65.488,-26.873],[-65.487,-26.873],[-65.486,-26.874],[-65.486,-26.875],[-65.485,-26.876],[-65.486,-26.877],[-65.485,-26.877],[-65.485,-26.878],[-65.484,-26.879],[-65.483,-26.88],[-65.482,-26.882],[-65.482,-26.883],[-65.481,-26.884],[-65.48,-26.884],[-65.479,-26.883],[-65.478,-26.883],[-65.477,-26.883],[-65.476,-26.882],[-65.475,-26.882],[-65.474,-26.882],[-65.473,-26.882],[-65.473,-26.883],[-65.472,-26.883],[-65.47,-26.883],[-65.469,-26.882],[-65.466,-26.883],[-65.466,-26.884],[-65.465,-26.885],[-65.464,-26.884],[-65.463,-26.885],[-65.463,-26.886],[-65.464,-26.886],[-65.463,-26.887],[-65.462,-26.887],[-65.462,-26.889],[-65.462,-26.891],[-65.461,-26.892],[-65.461,-26.893],[-65.46,-26.893],[-65.459,-26.893],[-65.458,-26.895],[-65.455,-26.896],[-65.454,-26.897],[-65.454,-26.898],[-65.452,-26.899],[-65.451,-26.901],[-65.45,-26.9],[-65.449,-26.901],[-65.449,-26.904],[-65.449,-26.905],[-65.449,-26.907],[-65.449,-26.908],[-65.45,-26.909],[-65.449,-26.911],[-65.449,-26.912],[-65.45,-26.914],[-65.45,-26.915],[-65.448,-26.917],[-65.448,-26.918],[-65.447,-26.919],[-65.447,-26.92],[-65.448,-26.921],[-65.447,-26.922],[-65.446,-26.923],[-65.445,-26.924],[-65.444,-26.926],[-65.443,-26.927],[-65.442,-26.929],[-65.441,-26.928],[-65.44,-26.928],[-65.438,-26.927],[-65.435,-26.927],[-65.435,-26.926],[-65.435,-26.925],[-65.435,-26.924],[-65.434,-26.924],[-65.433,-26.924],[-65.433,-26.925],[-65.433,-26.926],[-65.433,-26.927],[-65.431,-26.928],[-65.43,-26.93],[-65.427,-26.934],[-65.428,-26.935],[-65.428,-26.937],[-65.427,-26.938],[-65.426,-26.937],[-65.426,-26.936],[-65.425,-26.936],[-65.424,-26.936],[-65.423,-26.937],[-65.423,-26.938],[-65.422,-26.938],[-65.422,-26.939],[-65.422,-26.941],[-65.42,-26.942],[-65.418,-26.944],[-65.414,-26.944],[-65.412,-26.945],[-65.411,-26.945],[-65.41,-26.946],[-65.41,-26.947],[-65.409,-26.948],[-65.409,-26.951],[-65.409,-26.952],[-65.409,-26.953],[-65.409,-26.954],[-65.408,-26.956],[-65.407,-26.956],[-65.405,-26.956],[-65.406,-26.955],[-65.406,-26.954],[-65.405,-26.953],[-65.404,-26.953],[-65.403,-26.954],[-65.402,-26.955],[-65.401,-26.955],[-65.401,-26.953],[-65.4,-26.952],[-65.399,-26.952],[-65.398,-26.952],[-65.397,-26.954],[-65.394,-26.956],[-65.392,-26.956],[-65.391,-26.956],[-65.39,-26.956],[-65.39,-26.957],[-65.389,-26.959],[-65.386,-26.961],[-65.385,-26.962],[-65.384,-26.963],[-65.382,-26.964],[-65.375,-26.966],[-65.375,-26.967],[-65.376,-26.968],[-65.376,-26.969],[-65.375,-26.97],[-65.373,-26.971],[-65.373,-26.972],[-65.374,-26.974],[-65.372,-26.979],[-65.373,-26.98],[-65.373,-26.981],[-65.372,-26.982],[-65.371,-26.983],[-65.37,-26.984],[-65.369,-26.984],[-65.367,-26.983],[-65.366,-26.984],[-65.367,-26.985],[-65.367,-26.987],[-65.366,-26.987],[-65.363,-26.986],[-65.363,-26.988],[-65.363,-26.989],[-65.364,-26.989],[-65.365,-26.989],[-65.364,-26.991],[-65.364,-26.992],[-65.364,-26.994],[-65.364,-26.995],[-65.364,-26.996],[-65.363,-26.997],[-65.365,-26.998],[-65.365,-27],[-65.365,-27.001],[-65.364,-27.001],[-65.364,-27],[-65.364,-26.999],[-65.362,-26.999],[-65.361,-26.999],[-65.361,-27],[-65.362,-27],[-65.363,-27.001],[-65.363,-27.002],[-65.362,-27.002],[-65.361,-27.001],[-65.361,-27],[-65.358,-27.001],[-65.359,-27.001],[-65.36,-27.001],[-65.36,-27.002],[-65.359,-27.003],[-65.358,-27.001],[-65.357,-27.002],[-65.358,-27.003],[-65.358,-27.004],[-65.357,-27.004],[-65.358,-27.004],[-65.358,-27.005],[-65.359,-27.005],[-65.359,-27.006],[-65.357,-27.006],[-65.356,-27.005],[-65.356,-27.004],[-65.355,-27.007],[-65.355,-27.008],[-65.356,-27.008],[-65.357,-27.009],[-65.357,-27.01],[-65.356,-27.01],[-65.355,-27.01],[-65.354,-27.009],[-65.354,-27.008],[-65.353,-27.009],[-65.354,-27.011],[-65.354,-27.012],[-65.353,-27.013],[-65.351,-27.013],[-65.351,-27.014],[-65.351,-27.015],[-65.351,-27.016],[-65.35,-27.017],[-65.349,-27.017],[-65.348,-27.016],[-65.348,-27.017],[-65.347,-27.017],[-65.347,-27.018],[-65.348,-27.018],[-65.348,-27.017],[-65.349,-27.017],[-65.349,-27.018],[-65.349,-27.019],[-65.347,-27.019],[-65.347,-27.021],[-65.346,-27.021],[-65.344,-27.022],[-65.342,-27.021],[-65.341,-27.021],[-65.34,-27.021],[-65.339,-27.022],[-65.337,-27.021],[-65.336,-27.022],[-65.336,-27.023],[-65.334,-27.022],[-65.333,-27.022],[-65.332,-27.021],[-65.331,-27.021],[-65.331,-27.022],[-65.331,-27.023],[-65.331,-27.024],[-65.33,-27.023],[-65.329,-27.024],[-65.33,-27.025],[-65.33,-27.026],[-65.329,-27.026],[-65.328,-27.027],[-65.328,-27.028],[-65.327,-27.029],[-65.326,-27.03],[-65.324,-27.032],[-65.324,-27.033]]]}},{"type":"Feature","properties":{"departamento":"YERBA BUENA","cabecera":"Yerba Buena"},"geometry":{"type":"Polygon","coordinates":[[[-65.25,-26.784],[-65.257,-26.792],[-65.26,-26.8],[-65.262,-26.806],[-65.262,-26.807],[-65.262,-26.808],[-65.264,-26.81],[-65.264,-26.816],[-65.266,-26.822],[-65.267,-26.825],[-65.27,-26.83],[-65.27,-26.831],[-65.27,-26.832],[-65.271,-26.832],[-65.271,-26.833],[-65.271,-26.836],[-65.293,-26.833],[-65.294,-26.833],[-65.296,-26.834],[-65.298,-26.834],[-65.3,-26.834],[-65.307,-26.833],[-65.307,-26.837],[-65.308,-26.839],[-65.315,-26.838],[-65.314,-26.835],[-65.314,-26.832],[-65.313,-26.832],[-65.315,-26.831],[-65.317,-26.829],[-65.341,-26.825],[-65.371,-26.82],[-65.37,-26.82],[-65.371,-26.822],[-65.372,-26.825],[-65.373,-26.826],[-65.378,-26.827],[-65.425,-26.817],[-65.432,-26.815],[-65.432,-26.813],[-65.431,-26.809],[-65.432,-26.808],[-65.428,-26.764],[-65.424,-26.738],[-65.422,-26.739],[-65.42,-26.743],[-65.419,-26.744],[-65.418,-26.75],[-65.416,-26.755],[-65.415,-26.757],[-65.415,-26.759],[-65.415,-26.761],[-65.411,-26.766],[-65.411,-26.768],[-65.411,-26.77],[-65.41,-26.771],[-65.406,-26.776],[-65.403,-26.781],[-65.401,-26.782],[-65.4,-26.78],[-65.399,-26.778],[-65.397,-26.777],[-65.395,-26.776],[-65.394,-26.775],[-65.392,-26.774],[-65.391,-26.772],[-65.39,-26.771],[-65.389,-26.769],[-65.387,-26.768],[-65.383,-26.767],[-65.382,-26.766],[-65.379,-26.763],[-65.378,-26.761],[-65.376,-26.76],[-65.374,-26.76],[-65.372,-26.76],[-65.37,-26.762],[-65.369,-26.763],[-65.367,-26.764],[-65.365,-26.764],[-65.364,-26.765],[-65.363,-26.763],[-65.36,-26.763],[-65.357,-26.763],[-65.355,-26.763],[-65.355,-26.762],[-65.358,-26.751],[-65.359,-26.748],[-65.36,-26.748],[-65.36,-26.746],[-65.36,-26.743],[-65.361,-26.741],[-65.361,-26.739],[-65.361,-26.737],[-65.358,-26.734],[-65.295,-26.745],[-65.259,-26.751],[-65.259,-26.754],[-65.26,-26.754],[-65.265,-26.764],[-65.27,-26.773],[-65.271,-26.775],[-65.27,-26.776],[-65.269,-26.778],[-65.267,-26.779],[-65.249,-26.783],[-65.25,-26.784]]]}},{"type":"Feature","properties":{"departamento":"BURRUYACU","cabecera":"Burruyacú"},"geometry":{"type":"Polygon","coordinates":[[[-64.495,-26.219],[-64.502,-26.239],[-64.482,-26.307],[-64.494,-26.323],[-64.495,-26.327],[-64.497,-26.329],[-64.499,-26.332],[-64.501,-26.334],[-64.502,-26.335],[-64.509,-26.344],[-64.515,-26.347],[-64.517,-26.348],[-64.519,-26.349],[-64.521,-26.353],[-64.522,-26.354],[-64.53,-26.373],[-64.533,-26.389],[-64.531,-26.395],[-64.531,-26.4],[-64.532,-26.402],[-64.534,-26.407],[-64.534,-26.411],[-64.533,-26.413],[-64.529,-26.419],[-64.527,-26.427],[-64.527,-26.431],[-64.524,-26.441],[-64.524,-26.447],[-64.525,-26.459],[-64.527,-26.462],[-64.527,-26.464],[-64.522,-26.475],[-64.519,-26.479],[-64.517,-26.486],[-64.517,-26.49],[-64.517,-26.493],[-64.517,-26.497],[-64.517,-26.501],[-64.517,-26.503],[-64.518,-26.505],[-64.519,-26.507],[-64.517,-26.51],[-64.517,-26.512],[-64.517,-26.514],[-64.518,-26.517],[-64.519,-26.52],[-64.521,-26.529],[-64.522,-26.533],[-64.521,-26.535],[-64.521,-26.544],[-64.521,-26.547],[-64.509,-26.549],[-64.507,-26.58],[-64.505,-26.601],[-64.502,-26.616],[-64.499,-26.673],[-64.499,-26.674],[-64.588,-26.658],[-64.618,-26.803],[-64.673,-26.794],[-64.678,-26.825],[-64.707,-26.82],[-64.72,-26.885],[-64.728,-26.883],[-64.732,-26.882],[-64.738,-26.885],[-64.74,-26.882],[-64.737,-26.867],[-64.752,-26.863],[-64.752,-26.864],[-64.759,-26.862],[-64.781,-26.858],[-64.778,-26.844],[-64.808,-26.84],[-64.805,-26.822],[-64.816,-26.82],[-64.846,-26.815],[-64.852,-26.841],[-64.894,-26.833],[-64.88,-26.774],[-64.937,-26.764],[-64.943,-26.79],[-64.944,-26.79],[-64.948,-26.807],[-64.982,-26.8],[-65.047,-26.788],[-65.063,-26.785],[-65.105,-26.777],[-65.1,-26.756],[-65.13,-26.75],[-65.13,-26.748],[-65.129,-26.748],[-65.129,-26.747],[-65.13,-26.745],[-65.129,-26.744],[-65.13,-26.744],[-65.131,-26.746],[-65.132,-26.747],[-65.132,-26.748],[-65.132,-26.749],[-65.135,-26.748],[-65.136,-26.748],[-65.136,-26.747],[-65.137,-26.747],[-65.139,-26.747],[-65.139,-26.748],[-65.141,-26.749],[-65.143,-26.749],[-65.145,-26.749],[-65.146,-26.75],[-65.147,-26.75],[-65.149,-26.752],[-65.148,-26.753],[-65.149,-26.753],[-65.151,-26.754],[-65.151,-26.756],[-65.152,-26.756],[-65.153,-26.757],[-65.155,-26.757],[-65.156,-26.756],[-65.157,-26.756],[-65.158,-26.755],[-65.157,-26.753],[-65.156,-26.752],[-65.155,-26.752],[-65.155,-26.751],[-65.155,-26.749],[-65.155,-26.748],[-65.155,-26.747],[-65.156,-26.745],[-65.156,-26.744],[-65.156,-26.742],[-65.157,-26.741],[-65.158,-26.736],[-65.157,-26.736],[-65.156,-26.734],[-65.157,-26.733],[-65.156,-26.732],[-65.155,-26.732],[-65.155,-26.73],[-65.156,-26.729],[-65.155,-26.727],[-65.155,-26.726],[-65.156,-26.725],[-65.157,-26.724],[-65.16,-26.724],[-65.161,-26.723],[-65.162,-26.721],[-65.162,-26.72],[-65.162,-26.718],[-65.162,-26.717],[-65.162,-26.716],[-65.16,-26.715],[-65.16,-26.714],[-65.16,-26.713],[-65.161,-26.713],[-65.162,-26.712],[-65.162,-26.709],[-65.162,-26.708],[-65.163,-26.705],[-65.162,-26.705],[-65.161,-26.704],[-65.162,-26.703],[-65.163,-26.702],[-65.162,-26.701],[-65.162,-26.7],[-65.163,-26.699],[-65.164,-26.699],[-65.165,-26.698],[-65.166,-26.698],[-65.167,-26.697],[-65.168,-26.695],[-65.168,-26.694],[-65.169,-26.693],[-65.172,-26.691],[-65.174,-26.69],[-65.175,-26.69],[-65.176,-26.688],[-65.177,-26.685],[-65.177,-26.684],[-65.176,-26.684],[-65.175,-26.682],[-65.174,-26.679],[-65.172,-26.676],[-65.172,-26.674],[-65.172,-26.673],[-65.172,-26.672],[-65.174,-26.67],[-65.173,-26.669],[-65.172,-26.669],[-65.172,-26.668],[-65.172,-26.667],[-65.172,-26.663],[-65.174,-26.661],[-65.174,-26.66],[-65.174,-26.659],[-65.174,-26.658],[-65.173,-26.658],[-65.173,-26.656],[-65.174,-26.655],[-65.175,-26.654],[-65.176,-26.653],[-65.177,-26.652],[-65.179,-26.651],[-65.181,-26.649],[-65.182,-26.647],[-65.182,-26.646],[-65.183,-26.646],[-65.187,-26.645],[-65.19,-26.645],[-65.191,-26.644],[-65.192,-26.641],[-65.191,-26.64],[-65.19,-26.639],[-65.189,-26.637],[-65.19,-26.634],[-65.19,-26.633],[-65.19,-26.631],[-65.189,-26.631],[-65.189,-26.63],[-65.188,-26.632],[-65.187,-26.632],[-65.186,-26.631],[-65.185,-26.63],[-65.184,-26.627],[-65.184,-26.625],[-65.185,-26.624],[-65.185,-26.623],[-65.186,-26.619],[-65.187,-26.618],[-65.186,-26.618],[-65.185,-26.618],[-65.185,-26.616],[-65.184,-26.617],[-65.183,-26.617],[-65.182,-26.615],[-65.181,-26.615],[-65.18,-26.614],[-65.18,-26.613],[-65.178,-26.613],[-65.177,-26.613],[-65.177,-26.612],[-65.178,-26.611],[-65.178,-26.61],[-65.177,-26.609],[-65.173,-26.607],[-65.169,-26.607],[-65.168,-26.606],[-65.167,-26.605],[-65.168,-26.605],[-65.169,-26.605],[-65.167,-26.603],[-65.165,-26.599],[-65.166,-26.598],[-65.167,-26.598],[-65.167,-26.597],[-65.167,-26.598],[-65.167,-26.597],[-65.168,-26.597],[-65.169,-26.597],[-65.17,-26.596],[-65.169,-26.596],[-65.169,-26.594],[-65.169,-26.593],[-65.17,-26.592],[-65.171,-26.591],[-65.17,-26.59],[-65.172,-26.59],[-65.171,-26.59],[-65.171,-26.589],[-65.171,-26.588],[-65.171,-26.587],[-65.171,-26.586],[-65.171,-26.585],[-65.171,-26.582],[-65.172,-26.578],[-65.179,-26.576],[-65.182,-26.581],[-65.186,-26.583],[-65.191,-26.581],[-65.192,-26.567],[-65.19,-26.559],[-65.191,-26.554],[-65.167,-26.554],[-65.168,-26.552],[-65.168,-26.549],[-65.166,-26.548],[-65.165,-26.547],[-65.165,-26.544],[-65.164,-26.543],[-65.162,-26.542],[-65.163,-26.541],[-65.162,-26.539],[-65.162,-26.537],[-65.161,-26.535],[-65.16,-26.534],[-65.159,-26.532],[-65.158,-26.533],[-65.157,-26.531],[-65.155,-26.531],[-65.156,-26.529],[-65.155,-26.528],[-65.155,-26.526],[-65.154,-26.525],[-65.153,-26.525],[-65.152,-26.524],[-65.151,-26.523],[-65.149,-26.523],[-65.148,-26.523],[-65.148,-26.521],[-65.147,-26.521],[-65.146,-26.52],[-65.147,-26.519],[-65.148,-26.516],[-65.148,-26.515],[-65.148,-26.513],[-65.143,-26.512],[-65.142,-26.51],[-65.141,-26.508],[-65.139,-26.508],[-65.138,-26.509],[-65.136,-26.509],[-65.135,-26.511],[-65.134,-26.51],[-65.133,-26.511],[-65.131,-26.512],[-65.13,-26.511],[-65.129,-26.511],[-65.129,-26.51],[-65.127,-26.51],[-65.125,-26.511],[-65.123,-26.509],[-65.121,-26.51],[-65.118,-26.509],[-65.116,-26.509],[-65.114,-26.509],[-65.113,-26.507],[-65.114,-26.504],[-65.115,-26.505],[-65.114,-26.5],[-65.112,-26.498],[-65.112,-26.497],[-65.112,-26.496],[-65.115,-26.495],[-65.115,-26.492],[-65.117,-26.492],[-65.118,-26.49],[-65.118,-26.487],[-65.119,-26.485],[-65.117,-26.483],[-65.117,-26.481],[-65.116,-26.481],[-65.115,-26.481],[-65.115,-26.48],[-65.116,-26.479],[-65.116,-26.478],[-65.116,-26.477],[-65.116,-26.476],[-65.117,-26.476],[-65.117,-26.475],[-65.116,-26.473],[-65.114,-26.472],[-65.112,-26.473],[-65.113,-26.47],[-65.112,-26.469],[-65.113,-26.468],[-65.113,-26.467],[-65.113,-26.466],[-65.112,-26.464],[-65.111,-26.464],[-65.11,-26.464],[-65.11,-26.463],[-65.11,-26.462],[-65.109,-26.461],[-65.11,-26.46],[-65.111,-26.46],[-65.111,-26.458],[-65.109,-26.458],[-65.112,-26.454],[-65.11,-26.453],[-65.111,-26.452],[-65.11,-26.451],[-65.111,-26.451],[-65.11,-26.45],[-65.111,-26.449],[-65.112,-26.447],[-65.111,-26.446],[-65.11,-26.446],[-65.11,-26.444],[-65.108,-26.442],[-65.109,-26.442],[-65.108,-26.441],[-65.108,-26.44],[-65.109,-26.439],[-65.109,-26.436],[-65.11,-26.435],[-65.11,-26.434],[-65.11,-26.433],[-65.11,-26.432],[-65.109,-26.431],[-65.109,-26.43],[-65.108,-26.43],[-65.107,-26.428],[-65.107,-26.427],[-65.106,-26.426],[-65.107,-26.425],[-65.106,-26.423],[-65.105,-26.421],[-65.104,-26.421],[-65.104,-26.42],[-65.103,-26.419],[-65.103,-26.417],[-65.103,-26.416],[-65.103,-26.414],[-65.103,-26.413],[-65.104,-26.411],[-65.103,-26.41],[-65.103,-26.409],[-65.102,-26.408],[-65.103,-26.406],[-65.103,-26.403],[-65.102,-26.402],[-65.103,-26.401],[-65.102,-26.399],[-65.1,-26.4],[-65.098,-26.399],[-65.097,-26.396],[-65.096,-26.395],[-65.095,-26.396],[-65.094,-26.396],[-65.091,-26.392],[-65.091,-26.389],[-65.09,-26.388],[-65.09,-26.386],[-65.091,-26.384],[-65.091,-26.38],[-65.09,-26.379],[-65.088,-26.377],[-65.088,-26.374],[-65.087,-26.373],[-65.087,-26.372],[-65.083,-26.373],[-65.083,-26.372],[-65.082,-26.371],[-65.082,-26.37],[-65.083,-26.37],[-65.082,-26.368],[-65.081,-26.369],[-65.08,-26.366],[-65.08,-26.363],[-65.077,-26.361],[-65.07,-26.358],[-65.07,-26.355],[-65.069,-26.352],[-65.068,-26.348],[-65.067,-26.344],[-65.068,-26.342],[-65.066,-26.34],[-65.064,-26.341],[-65.062,-26.338],[-65.063,-26.337],[-65.061,-26.335],[-65.057,-26.335],[-65.055,-26.332],[-65.053,-26.331],[-65.051,-26.331],[-65.052,-26.327],[-65.049,-26.324],[-65.048,-26.324],[-65.048,-26.323],[-65.047,-26.323],[-65.046,-26.321],[-65.045,-26.32],[-65.044,-26.319],[-65.046,-26.318],[-65.044,-26.312],[-65.045,-26.31],[-65.044,-26.309],[-65.043,-26.306],[-65.042,-26.304],[-65.042,-26.303],[-65.042,-26.302],[-65.04,-26.301],[-65.04,-26.299],[-65.038,-26.297],[-65.038,-26.294],[-65.039,-26.293],[-65.04,-26.292],[-65.039,-26.291],[-65.037,-26.289],[-65.037,-26.288],[-65.038,-26.287],[-65.038,-26.278],[-65.04,-26.274],[-65.036,-26.274],[-65.032,-26.272],[-65.029,-26.273],[-65.024,-26.275],[-65.02,-26.275],[-65.017,-26.275],[-65.015,-26.277],[-65.012,-26.277],[-65.01,-26.279],[-65.004,-26.281],[-65.001,-26.281],[-64.993,-26.281],[-64.987,-26.281],[-64.985,-26.28],[-64.983,-26.278],[-64.979,-26.277],[-64.977,-26.277],[-64.974,-26.277],[-64.97,-26.278],[-64.969,-26.279],[-64.968,-26.282],[-64.969,-26.283],[-64.969,-26.284],[-64.969,-26.285],[-64.97,-26.286],[-64.97,-26.287],[-64.968,-26.291],[-64.967,-26.292],[-64.966,-26.293],[-64.966,-26.294],[-64.965,-26.294],[-64.966,-26.295],[-64.963,-26.296],[-64.963,-26.297],[-64.964,-26.297],[-64.964,-26.298],[-64.963,-26.299],[-64.962,-26.299],[-64.962,-26.3],[-64.961,-26.3],[-64.961,-26.301],[-64.961,-26.302],[-64.961,-26.304],[-64.959,-26.304],[-64.958,-26.304],[-64.956,-26.305],[-64.955,-26.305],[-64.951,-26.307],[-64.95,-26.306],[-64.949,-26.306],[-64.949,-26.305],[-64.948,-26.305],[-64.946,-26.305],[-64.943,-26.304],[-64.943,-26.302],[-64.941,-26.302],[-64.94,-26.302],[-64.94,-26.301],[-64.941,-26.299],[-64.942,-26.299],[-64.941,-26.298],[-64.94,-26.298],[-64.939,-26.298],[-64.938,-26.298],[-64.935,-26.299],[-64.934,-26.299],[-64.934,-26.298],[-64.934,-26.297],[-64.933,-26.296],[-64.933,-26.295],[-64.932,-26.295],[-64.93,-26.297],[-64.928,-26.295],[-64.927,-26.295],[-64.926,-26.294],[-64.926,-26.292],[-64.924,-26.292],[-64.923,-26.293],[-64.923,-26.294],[-64.922,-26.294],[-64.921,-26.294],[-64.92,-26.293],[-64.919,-26.293],[-64.918,-26.293],[-64.918,-26.292],[-64.918,-26.291],[-64.916,-26.291],[-64.912,-26.292],[-64.911,-26.291],[-64.91,-26.29],[-64.909,-26.29],[-64.907,-26.289],[-64.904,-26.288],[-64.902,-26.285],[-64.9,-26.283],[-64.898,-26.282],[-64.898,-26.28],[-64.897,-26.279],[-64.894,-26.279],[-64.893,-26.28],[-64.892,-26.281],[-64.889,-26.282],[-64.887,-26.282],[-64.885,-26.28],[-64.884,-26.28],[-64.883,-26.28],[-64.882,-26.28],[-64.881,-26.278],[-64.88,-26.277],[-64.879,-26.277],[-64.878,-26.276],[-64.877,-26.275],[-64.876,-26.275],[-64.873,-26.275],[-64.872,-26.273],[-64.872,-26.272],[-64.869,-26.27],[-64.868,-26.268],[-64.867,-26.267],[-64.866,-26.265],[-64.866,-26.263],[-64.865,-26.261],[-64.865,-26.26],[-64.863,-26.26],[-64.861,-26.259],[-64.86,-26.259],[-64.859,-26.258],[-64.859,-26.254],[-64.858,-26.253],[-64.857,-26.252],[-64.856,-26.252],[-64.854,-26.253],[-64.853,-26.253],[-64.851,-26.254],[-64.851,-26.253],[-64.853,-26.251],[-64.853,-26.25],[-64.852,-26.249],[-64.848,-26.249],[-64.847,-26.248],[-64.848,-26.246],[-64.848,-26.244],[-64.848,-26.242],[-64.847,-26.24],[-64.845,-26.239],[-64.84,-26.237],[-64.835,-26.236],[-64.832,-26.237],[-64.831,-26.238],[-64.83,-26.239],[-64.828,-26.239],[-64.826,-26.239],[-64.825,-26.241],[-64.824,-26.242],[-64.823,-26.242],[-64.823,-26.243],[-64.821,-26.242],[-64.82,-26.24],[-64.819,-26.239],[-64.819,-26.237],[-64.819,-26.235],[-64.818,-26.233],[-64.816,-26.232],[-64.815,-26.231],[-64.814,-26.231],[-64.813,-26.232],[-64.811,-26.233],[-64.808,-26.233],[-64.806,-26.232],[-64.805,-26.231],[-64.804,-26.231],[-64.803,-26.23],[-64.801,-26.229],[-64.8,-26.229],[-64.799,-26.229],[-64.798,-26.229],[-64.797,-26.229],[-64.797,-26.228],[-64.795,-26.228],[-64.794,-26.226],[-64.79,-26.224],[-64.79,-26.225],[-64.789,-26.225],[-64.788,-26.224],[-64.786,-26.224],[-64.783,-26.224],[-64.781,-26.223],[-64.779,-26.225],[-64.777,-26.226],[-64.775,-26.226],[-64.774,-26.227],[-64.774,-26.226],[-64.771,-26.225],[-64.768,-26.224],[-64.767,-26.224],[-64.766,-26.224],[-64.764,-26.224],[-64.763,-26.224],[-64.76,-26.224],[-64.758,-26.225],[-64.757,-26.226],[-64.756,-26.228],[-64.755,-26.229],[-64.754,-26.231],[-64.752,-26.233],[-64.751,-26.234],[-64.751,-26.235],[-64.75,-26.237],[-64.748,-26.237],[-64.746,-26.239],[-64.743,-26.239],[-64.743,-26.238],[-64.739,-26.239],[-64.738,-26.24],[-64.738,-26.241],[-64.737,-26.241],[-64.736,-26.24],[-64.735,-26.24],[-64.734,-26.24],[-64.733,-26.24],[-64.732,-26.241],[-64.73,-26.241],[-64.728,-26.241],[-64.727,-26.241],[-64.727,-26.242],[-64.726,-26.242],[-64.726,-26.24],[-64.725,-26.24],[-64.724,-26.24],[-64.723,-26.24],[-64.722,-26.24],[-64.721,-26.241],[-64.72,-26.241],[-64.72,-26.239],[-64.719,-26.238],[-64.717,-26.237],[-64.716,-26.238],[-64.714,-26.237],[-64.714,-26.236],[-64.715,-26.235],[-64.714,-26.235],[-64.713,-26.235],[-64.712,-26.234],[-64.711,-26.234],[-64.711,-26.235],[-64.71,-26.237],[-64.709,-26.238],[-64.706,-26.237],[-64.705,-26.238],[-64.704,-26.238],[-64.701,-26.238],[-64.7,-26.238],[-64.698,-26.238],[-64.696,-26.238],[-64.694,-26.237],[-64.692,-26.238],[-64.693,-26.239],[-64.692,-26.241],[-64.691,-26.241],[-64.691,-26.24],[-64.688,-26.241],[-64.687,-26.24],[-64.687,-26.239],[-64.687,-26.238],[-64.686,-26.238],[-64.686,-26.239],[-64.683,-26.239],[-64.683,-26.24],[-64.682,-26.24],[-64.681,-26.238],[-64.68,-26.238],[-64.678,-26.238],[-64.678,-26.237],[-64.677,-26.237],[-64.676,-26.238],[-64.676,-26.239],[-64.675,-26.24],[-64.675,-26.241],[-64.674,-26.241],[-64.672,-26.241],[-64.672,-26.24],[-64.672,-26.239],[-64.671,-26.239],[-64.67,-26.24],[-64.669,-26.24],[-64.668,-26.24],[-64.669,-26.241],[-64.669,-26.242],[-64.668,-26.242],[-64.667,-26.242],[-64.666,-26.242],[-64.664,-26.242],[-64.664,-26.243],[-64.662,-26.244],[-64.661,-26.243],[-64.659,-26.242],[-64.659,-26.241],[-64.657,-26.242],[-64.656,-26.242],[-64.656,-26.24],[-64.654,-26.241],[-64.654,-26.239],[-64.65,-26.238],[-64.649,-26.238],[-64.648,-26.238],[-64.647,-26.238],[-64.646,-26.238],[-64.644,-26.238],[-64.643,-26.239],[-64.643,-26.238],[-64.642,-26.237],[-64.642,-26.236],[-64.643,-26.236],[-64.644,-26.235],[-64.644,-26.234],[-64.645,-26.232],[-64.644,-26.232],[-64.642,-26.233],[-64.641,-26.233],[-64.64,-26.233],[-64.637,-26.233],[-64.635,-26.234],[-64.634,-26.235],[-64.633,-26.234],[-64.63,-26.232],[-64.63,-26.233],[-64.629,-26.233],[-64.629,-26.232],[-64.628,-26.231],[-64.628,-26.23],[-64.624,-26.228],[-64.624,-26.227],[-64.624,-26.226],[-64.623,-26.225],[-64.622,-26.224],[-64.622,-26.225],[-64.622,-26.226],[-64.621,-26.227],[-64.62,-26.227],[-64.62,-26.226],[-64.619,-26.226],[-64.618,-26.226],[-64.617,-26.226],[-64.617,-26.228],[-64.618,-26.229],[-64.618,-26.231],[-64.617,-26.231],[-64.616,-26.23],[-64.615,-26.232],[-64.615,-26.233],[-64.614,-26.233],[-64.613,-26.233],[-64.613,-26.232],[-64.61,-26.232],[-64.61,-26.231],[-64.609,-26.229],[-64.608,-26.227],[-64.608,-26.226],[-64.607,-26.226],[-64.607,-26.227],[-64.607,-26.228],[-64.606,-26.228],[-64.604,-26.228],[-64.602,-26.229],[-64.601,-26.23],[-64.6,-26.231],[-64.599,-26.231],[-64.599,-26.23],[-64.598,-26.229],[-64.597,-26.228],[-64.597,-26.227],[-64.598,-26.225],[-64.597,-26.224],[-64.596,-26.224],[-64.595,-26.223],[-64.594,-26.223],[-64.593,-26.223],[-64.594,-26.225],[-64.594,-26.226],[-64.592,-26.226],[-64.592,-26.225],[-64.591,-26.223],[-64.591,-26.222],[-64.59,-26.221],[-64.59,-26.22],[-64.589,-26.221],[-64.588,-26.221],[-64.587,-26.222],[-64.586,-26.223],[-64.585,-26.224],[-64.584,-26.224],[-64.582,-26.223],[-64.581,-26.221],[-64.58,-26.219],[-64.579,-26.219],[-64.578,-26.22],[-64.578,-26.221],[-64.576,-26.221],[-64.576,-26.222],[-64.574,-26.222],[-64.573,-26.221],[-64.572,-26.221],[-64.572,-26.222],[-64.572,-26.223],[-64.569,-26.224],[-64.567,-26.223],[-64.565,-26.224],[-64.565,-26.225],[-64.564,-26.226],[-64.565,-26.227],[-64.564,-26.227],[-64.563,-26.226],[-64.561,-26.224],[-64.558,-26.224],[-64.557,-26.223],[-64.555,-26.223],[-64.554,-26.222],[-64.553,-26.222],[-64.552,-26.223],[-64.553,-26.224],[-64.553,-26.225],[-64.553,-26.226],[-64.551,-26.226],[-64.551,-26.227],[-64.55,-26.226],[-64.55,-26.225],[-64.549,-26.224],[-64.549,-26.222],[-64.549,-26.221],[-64.548,-26.221],[-64.545,-26.221],[-64.544,-26.222],[-64.543,-26.223],[-64.543,-26.222],[-64.543,-26.221],[-64.543,-26.22],[-64.542,-26.219],[-64.541,-26.22],[-64.541,-26.221],[-64.541,-26.222],[-64.54,-26.222],[-64.539,-26.222],[-64.538,-26.222],[-64.537,-26.221],[-64.536,-26.221],[-64.535,-26.221],[-64.536,-26.223],[-64.535,-26.223],[-64.534,-26.223],[-64.534,-26.222],[-64.533,-26.222],[-64.532,-26.223],[-64.531,-26.224],[-64.53,-26.225],[-64.529,-26.225],[-64.527,-26.223],[-64.526,-26.224],[-64.525,-26.223],[-64.524,-26.224],[-64.523,-26.224],[-64.522,-26.224],[-64.52,-26.224],[-64.52,-26.225],[-64.518,-26.224],[-64.517,-26.224],[-64.516,-26.223],[-64.515,-26.222],[-64.515,-26.221],[-64.514,-26.221],[-64.514,-26.22],[-64.513,-26.219],[-64.512,-26.219],[-64.512,-26.218],[-64.511,-26.217],[-64.511,-26.215],[-64.51,-26.215],[-64.509,-26.216],[-64.509,-26.218],[-64.508,-26.218],[-64.505,-26.218],[-64.504,-26.217],[-64.501,-26.217],[-64.5,-26.217],[-64.5,-26.216],[-64.498,-26.216],[-64.497,-26.216],[-64.497,-26.217],[-64.497,-26.218],[-64.496,-26.218],[-64.495,-26.219]]]}},{"type":"Feature","properties":{"departamento":"TAFI VIEJO","cabecera":"Tafí Viejo"},"geometry":{"type":"Polygon","coordinates":[[[-65.709,-26.518],[-65.706,-26.519],[-65.704,-26.52],[-65.702,-26.521],[-65.701,-26.521],[-65.7,-26.521],[-65.699,-26.521],[-65.699,-26.522],[-65.698,-26.522],[-65.697,-26.523],[-65.696,-26.523],[-65.695,-26.523],[-65.694,-26.524],[-65.692,-26.524],[-65.691,-26.525],[-65.69,-26.525],[-65.688,-26.527],[-65.687,-26.527],[-65.686,-26.527],[-65.685,-26.525],[-65.684,-26.525],[-65.683,-26.525],[-65.682,-26.525],[-65.682,-26.526],[-65.681,-26.526],[-65.68,-26.525],[-65.68,-26.524],[-65.679,-26.524],[-65.677,-26.523],[-65.676,-26.524],[-65.677,-26.524],[-65.676,-26.525],[-65.674,-26.526],[-65.673,-26.526],[-65.671,-26.526],[-65.669,-26.525],[-65.669,-26.524],[-65.667,-26.525],[-65.666,-26.525],[-65.665,-26.525],[-65.664,-26.525],[-65.662,-26.525],[-65.66,-26.524],[-65.659,-26.524],[-65.658,-26.523],[-65.657,-26.523],[-65.656,-26.523],[-65.655,-26.524],[-65.654,-26.524],[-65.653,-26.524],[-65.651,-26.524],[-65.65,-26.525],[-65.65,-26.526],[-65.648,-26.527],[-65.647,-26.527],[-65.646,-26.527],[-65.646,-26.528],[-65.645,-26.529],[-65.645,-26.53],[-65.646,-26.531],[-65.645,-26.532],[-65.643,-26.534],[-65.642,-26.536],[-65.641,-26.536],[-65.64,-26.536],[-65.639,-26.536],[-65.639,-26.537],[-65.637,-26.536],[-65.637,-26.537],[-65.636,-26.539],[-65.634,-26.54],[-65.634,-26.541],[-65.633,-26.541],[-65.632,-26.542],[-65.631,-26.542],[-65.631,-26.543],[-65.632,-26.543],[-65.631,-26.545],[-65.63,-26.545],[-65.63,-26.546],[-65.629,-26.548],[-65.629,-26.549],[-65.628,-26.549],[-65.628,-26.55],[-65.627,-26.551],[-65.627,-26.553],[-65.627,-26.554],[-65.625,-26.555],[-65.624,-26.555],[-65.623,-26.555],[-65.622,-26.555],[-65.619,-26.554],[-65.618,-26.553],[-65.618,-26.552],[-65.617,-26.551],[-65.616,-26.55],[-65.615,-26.548],[-65.613,-26.547],[-65.612,-26.548],[-65.611,-26.548],[-65.61,-26.548],[-65.608,-26.546],[-65.607,-26.546],[-65.606,-26.546],[-65.605,-26.546],[-65.604,-26.545],[-65.603,-26.545],[-65.601,-26.545],[-65.6,-26.545],[-65.599,-26.545],[-65.598,-26.545],[-65.596,-26.545],[-65.593,-26.546],[-65.593,-26.547],[-65.592,-26.549],[-65.59,-26.549],[-65.589,-26.548],[-65.588,-26.547],[-65.588,-26.546],[-65.587,-26.546],[-65.586,-26.546],[-65.585,-26.545],[-65.584,-26.546],[-65.583,-26.545],[-65.582,-26.545],[-65.582,-26.544],[-65.581,-26.543],[-65.581,-26.542],[-65.579,-26.542],[-65.578,-26.542],[-65.577,-26.541],[-65.576,-26.542],[-65.575,-26.54],[-65.573,-26.539],[-65.572,-26.538],[-65.571,-26.538],[-65.57,-26.537],[-65.569,-26.537],[-65.566,-26.536],[-65.566,-26.535],[-65.564,-26.535],[-65.562,-26.536],[-65.562,-26.535],[-65.561,-26.535],[-65.56,-26.535],[-65.557,-26.537],[-65.556,-26.537],[-65.554,-26.537],[-65.553,-26.536],[-65.552,-26.536],[-65.551,-26.537],[-65.55,-26.538],[-65.551,-26.538],[-65.551,-26.539],[-65.55,-26.538],[-65.548,-26.538],[-65.548,-26.539],[-65.547,-26.539],[-65.546,-26.538],[-65.544,-26.538],[-65.544,-26.537],[-65.543,-26.537],[-65.542,-26.539],[-65.541,-26.539],[-65.54,-26.539],[-65.538,-26.538],[-65.537,-26.539],[-65.536,-26.539],[-65.535,-26.538],[-65.534,-26.538],[-65.533,-26.539],[-65.531,-26.54],[-65.529,-26.542],[-65.528,-26.541],[-65.527,-26.542],[-65.527,-26.544],[-65.526,-26.543],[-65.524,-26.543],[-65.522,-26.543],[-65.521,-26.542],[-65.52,-26.542],[-65.518,-26.544],[-65.519,-26.544],[-65.519,-26.545],[-65.516,-26.545],[-65.515,-26.546],[-65.513,-26.546],[-65.512,-26.547],[-65.512,-26.548],[-65.511,-26.548],[-65.511,-26.547],[-65.51,-26.546],[-65.509,-26.545],[-65.508,-26.545],[-65.506,-26.546],[-65.505,-26.546],[-65.504,-26.546],[-65.503,-26.548],[-65.501,-26.547],[-65.5,-26.544],[-65.501,-26.541],[-65.5,-26.539],[-65.5,-26.538],[-65.499,-26.536],[-65.498,-26.533],[-65.497,-26.531],[-65.496,-26.529],[-65.498,-26.526],[-65.497,-26.525],[-65.497,-26.524],[-65.494,-26.524],[-65.491,-26.524],[-65.49,-26.525],[-65.489,-26.525],[-65.488,-26.525],[-65.488,-26.527],[-65.487,-26.527],[-65.486,-26.525],[-65.487,-26.524],[-65.488,-26.524],[-65.489,-26.523],[-65.489,-26.522],[-65.488,-26.522],[-65.487,-26.523],[-65.486,-26.524],[-65.485,-26.524],[-65.485,-26.523],[-65.487,-26.521],[-65.486,-26.52],[-65.485,-26.52],[-65.485,-26.518],[-65.484,-26.518],[-65.483,-26.517],[-65.482,-26.517],[-65.481,-26.517],[-65.478,-26.518],[-65.477,-26.516],[-65.476,-26.517],[-65.475,-26.518],[-65.474,-26.519],[-65.471,-26.519],[-65.471,-26.52],[-65.471,-26.521],[-65.469,-26.52],[-65.468,-26.52],[-65.467,-26.519],[-65.466,-26.519],[-65.465,-26.52],[-65.466,-26.521],[-65.468,-26.521],[-65.469,-26.522],[-65.468,-26.523],[-65.467,-26.524],[-65.47,-26.525],[-65.47,-26.526],[-65.471,-26.526],[-65.472,-26.526],[-65.473,-26.526],[-65.473,-26.528],[-65.474,-26.528],[-65.476,-26.53],[-65.478,-26.531],[-65.478,-26.532],[-65.479,-26.534],[-65.481,-26.534],[-65.482,-26.535],[-65.483,-26.536],[-65.483,-26.537],[-65.484,-26.538],[-65.484,-26.54],[-65.484,-26.541],[-65.484,-26.542],[-65.484,-26.543],[-65.484,-26.545],[-65.484,-26.546],[-65.485,-26.546],[-65.486,-26.547],[-65.487,-26.547],[-65.488,-26.547],[-65.488,-26.548],[-65.488,-26.549],[-65.488,-26.551],[-65.487,-26.551],[-65.486,-26.552],[-65.485,-26.552],[-65.484,-26.552],[-65.483,-26.553],[-65.482,-26.554],[-65.482,-26.555],[-65.482,-26.554],[-65.482,-26.555],[-65.484,-26.555],[-65.485,-26.555],[-65.486,-26.557],[-65.488,-26.557],[-65.489,-26.558],[-65.49,-26.559],[-65.492,-26.561],[-65.492,-26.563],[-65.493,-26.563],[-65.494,-26.565],[-65.495,-26.566],[-65.496,-26.566],[-65.495,-26.568],[-65.494,-26.569],[-65.493,-26.569],[-65.493,-26.57],[-65.491,-26.57],[-65.491,-26.571],[-65.49,-26.572],[-65.489,-26.573],[-65.488,-26.573],[-65.487,-26.573],[-65.485,-26.573],[-65.483,-26.577],[-65.481,-26.577],[-65.48,-26.579],[-65.478,-26.584],[-65.477,-26.586],[-65.476,-26.588],[-65.476,-26.589],[-65.476,-26.59],[-65.476,-26.591],[-65.475,-26.595],[-65.475,-26.596],[-65.476,-26.597],[-65.477,-26.598],[-65.476,-26.6],[-65.475,-26.6],[-65.475,-26.601],[-65.475,-26.602],[-65.474,-26.602],[-65.473,-26.603],[-65.471,-26.603],[-65.47,-26.599],[-65.469,-26.598],[-65.467,-26.598],[-65.464,-26.596],[-65.462,-26.593],[-65.462,-26.592],[-65.461,-26.59],[-65.46,-26.589],[-65.459,-26.585],[-65.458,-26.587],[-65.457,-26.588],[-65.453,-26.589],[-65.452,-26.589],[-65.451,-26.59],[-65.45,-26.59],[-65.449,-26.59],[-65.447,-26.591],[-65.445,-26.592],[-65.444,-26.593],[-65.441,-26.593],[-65.436,-26.592],[-65.433,-26.593],[-65.431,-26.595],[-65.43,-26.595],[-65.43,-26.596],[-65.428,-26.597],[-65.427,-26.597],[-65.425,-26.598],[-65.424,-26.599],[-65.423,-26.599],[-65.422,-26.6],[-65.421,-26.601],[-65.42,-26.602],[-65.419,-26.603],[-65.419,-26.605],[-65.419,-26.606],[-65.418,-26.607],[-65.417,-26.608],[-65.416,-26.607],[-65.415,-26.608],[-65.414,-26.607],[-65.411,-26.608],[-65.409,-26.608],[-65.408,-26.608],[-65.406,-26.609],[-65.404,-26.609],[-65.403,-26.61],[-65.403,-26.612],[-65.402,-26.612],[-65.401,-26.613],[-65.399,-26.614],[-65.398,-26.615],[-65.397,-26.616],[-65.396,-26.617],[-65.395,-26.618],[-65.393,-26.62],[-65.391,-26.62],[-65.389,-26.62],[-65.389,-26.621],[-65.388,-26.621],[-65.385,-26.622],[-65.384,-26.623],[-65.383,-26.622],[-65.383,-26.621],[-65.383,-26.62],[-65.382,-26.619],[-65.381,-26.618],[-65.379,-26.618],[-65.377,-26.619],[-65.375,-26.619],[-65.374,-26.62],[-65.373,-26.62],[-65.372,-26.621],[-65.371,-26.621],[-65.369,-26.621],[-65.369,-26.62],[-65.368,-26.621],[-65.366,-26.621],[-65.366,-26.622],[-65.365,-26.622],[-65.364,-26.622],[-65.362,-26.622],[-65.361,-26.622],[-65.36,-26.623],[-65.359,-26.623],[-65.357,-26.624],[-65.356,-26.623],[-65.354,-26.623],[-65.352,-26.624],[-65.351,-26.624],[-65.349,-26.622],[-65.348,-26.621],[-65.347,-26.62],[-65.345,-26.62],[-65.344,-26.619],[-65.343,-26.619],[-65.342,-26.617],[-65.341,-26.617],[-65.34,-26.616],[-65.34,-26.615],[-65.339,-26.615],[-65.339,-26.614],[-65.337,-26.612],[-65.336,-26.611],[-65.334,-26.612],[-65.332,-26.611],[-65.33,-26.61],[-65.33,-26.611],[-65.329,-26.61],[-65.329,-26.611],[-65.327,-26.611],[-65.325,-26.612],[-65.323,-26.611],[-65.322,-26.61],[-65.321,-26.61],[-65.318,-26.61],[-65.317,-26.611],[-65.316,-26.611],[-65.315,-26.611],[-65.313,-26.61],[-65.311,-26.611],[-65.308,-26.612],[-65.306,-26.613],[-65.303,-26.612],[-65.302,-26.612],[-65.298,-26.61],[-65.294,-26.607],[-65.294,-26.606],[-65.293,-26.606],[-65.29,-26.604],[-65.288,-26.604],[-65.287,-26.604],[-65.286,-26.604],[-65.284,-26.603],[-65.283,-26.603],[-65.282,-26.603],[-65.281,-26.602],[-65.28,-26.603],[-65.278,-26.603],[-65.278,-26.604],[-65.276,-26.605],[-65.276,-26.606],[-65.275,-26.608],[-65.269,-26.608],[-65.264,-26.61],[-65.262,-26.611],[-65.26,-26.61],[-65.26,-26.609],[-65.259,-26.609],[-65.258,-26.61],[-65.257,-26.61],[-65.257,-26.609],[-65.256,-26.609],[-65.255,-26.609],[-65.254,-26.609],[-65.253,-26.609],[-65.252,-26.608],[-65.25,-26.607],[-65.248,-26.606],[-65.247,-26.606],[-65.245,-26.605],[-65.245,-26.604],[-65.245,-26.603],[-65.244,-26.603],[-65.243,-26.603],[-65.241,-26.602],[-65.24,-26.6],[-65.239,-26.599],[-65.238,-26.599],[-65.238,-26.597],[-65.237,-26.597],[-65.236,-26.598],[-65.235,-26.598],[-65.234,-26.598],[-65.232,-26.599],[-65.233,-26.598],[-65.232,-26.598],[-65.232,-26.599],[-65.231,-26.601],[-65.23,-26.602],[-65.229,-26.602],[-65.229,-26.601],[-65.228,-26.601],[-65.227,-26.601],[-65.226,-26.601],[-65.226,-26.6],[-65.225,-26.6],[-65.226,-26.6],[-65.226,-26.599],[-65.225,-26.599],[-65.227,-26.598],[-65.226,-26.597],[-65.226,-26.596],[-65.227,-26.596],[-65.228,-26.595],[-65.227,-26.595],[-65.228,-26.593],[-65.229,-26.594],[-65.229,-26.593],[-65.23,-26.593],[-65.229,-26.592],[-65.228,-26.592],[-65.228,-26.591],[-65.229,-26.591],[-65.23,-26.59],[-65.23,-26.591],[-65.231,-26.59],[-65.232,-26.59],[-65.233,-26.59],[-65.232,-26.589],[-65.231,-26.589],[-65.232,-26.589],[-65.233,-26.588],[-65.232,-26.587],[-65.232,-26.588],[-65.231,-26.587],[-65.232,-26.586],[-65.232,-26.585],[-65.231,-26.584],[-65.232,-26.583],[-65.232,-26.581],[-65.233,-26.581],[-65.234,-26.582],[-65.234,-26.581],[-65.234,-26.58],[-65.234,-26.579],[-65.233,-26.578],[-65.233,-26.577],[-65.232,-26.577],[-65.231,-26.578],[-65.229,-26.579],[-65.228,-26.577],[-65.228,-26.576],[-65.223,-26.574],[-65.224,-26.574],[-65.223,-26.573],[-65.223,-26.572],[-65.222,-26.571],[-65.221,-26.571],[-65.222,-26.571],[-65.222,-26.57],[-65.222,-26.569],[-65.223,-26.568],[-65.223,-26.567],[-65.222,-26.567],[-65.222,-26.566],[-65.223,-26.565],[-65.224,-26.564],[-65.226,-26.562],[-65.228,-26.56],[-65.228,-26.559],[-65.228,-26.556],[-65.226,-26.554],[-65.224,-26.552],[-65.222,-26.552],[-65.222,-26.551],[-65.221,-26.549],[-65.223,-26.545],[-65.223,-26.544],[-65.222,-26.543],[-65.22,-26.544],[-65.219,-26.544],[-65.217,-26.542],[-65.216,-26.54],[-65.215,-26.539],[-65.215,-26.537],[-65.217,-26.534],[-65.216,-26.532],[-65.216,-26.531],[-65.217,-26.528],[-65.218,-26.528],[-65.221,-26.526],[-65.221,-26.525],[-65.221,-26.524],[-65.218,-26.522],[-65.213,-26.527],[-65.2,-26.527],[-65.183,-26.533],[-65.189,-26.536],[-65.197,-26.556],[-65.191,-26.554],[-65.19,-26.559],[-65.192,-26.567],[-65.191,-26.581],[-65.186,-26.583],[-65.182,-26.581],[-65.179,-26.576],[-65.172,-26.578],[-65.171,-26.582],[-65.171,-26.585],[-65.171,-26.586],[-65.171,-26.587],[-65.171,-26.588],[-65.171,-26.589],[-65.171,-26.59],[-65.172,-26.59],[-65.17,-26.59],[-65.171,-26.591],[-65.17,-26.592],[-65.169,-26.593],[-65.169,-26.594],[-65.169,-26.596],[-65.17,-26.596],[-65.169,-26.597],[-65.168,-26.597],[-65.167,-26.597],[-65.167,-26.598],[-65.167,-26.597],[-65.167,-26.598],[-65.166,-26.598],[-65.166,-26.599],[-65.165,-26.6],[-65.167,-26.603],[-65.169,-26.605],[-65.168,-26.605],[-65.167,-26.605],[-65.168,-26.606],[-65.169,-26.607],[-65.173,-26.607],[-65.177,-26.609],[-65.178,-26.61],[-65.178,-26.611],[-65.177,-26.612],[-65.177,-26.613],[-65.178,-26.613],[-65.18,-26.613],[-65.18,-26.614],[-65.181,-26.615],[-65.182,-26.615],[-65.183,-26.617],[-65.184,-26.617],[-65.185,-26.616],[-65.185,-26.618],[-65.186,-26.618],[-65.187,-26.618],[-65.186,-26.619],[-65.185,-26.623],[-65.185,-26.624],[-65.184,-26.625],[-65.184,-26.627],[-65.185,-26.63],[-65.186,-26.631],[-65.187,-26.632],[-65.188,-26.632],[-65.189,-26.63],[-65.189,-26.631],[-65.19,-26.631],[-65.19,-26.633],[-65.19,-26.634],[-65.189,-26.637],[-65.19,-26.639],[-65.191,-26.64],[-65.192,-26.641],[-65.191,-26.644],[-65.19,-26.645],[-65.187,-26.645],[-65.183,-26.646],[-65.182,-26.646],[-65.182,-26.647],[-65.181,-26.649],[-65.179,-26.651],[-65.177,-26.652],[-65.176,-26.653],[-65.175,-26.654],[-65.174,-26.655],[-65.173,-26.656],[-65.173,-26.658],[-65.174,-26.658],[-65.174,-26.659],[-65.174,-26.66],[-65.174,-26.661],[-65.172,-26.663],[-65.172,-26.667],[-65.172,-26.668],[-65.172,-26.669],[-65.173,-26.669],[-65.173,-26.67],[-65.172,-26.672],[-65.172,-26.673],[-65.172,-26.674],[-65.172,-26.676],[-65.174,-26.679],[-65.175,-26.682],[-65.176,-26.684],[-65.177,-26.684],[-65.176,-26.687],[-65.176,-26.688],[-65.175,-26.69],[-65.174,-26.69],[-65.172,-26.691],[-65.169,-26.693],[-65.168,-26.694],[-65.168,-26.695],[-65.166,-26.698],[-65.165,-26.698],[-65.164,-26.699],[-65.163,-26.699],[-65.162,-26.7],[-65.162,-26.701],[-65.163,-26.702],[-65.162,-26.703],[-65.161,-26.704],[-65.162,-26.705],[-65.163,-26.705],[-65.162,-26.708],[-65.162,-26.709],[-65.162,-26.712],[-65.161,-26.713],[-65.16,-26.713],[-65.16,-26.714],[-65.16,-26.715],[-65.162,-26.716],[-65.162,-26.717],[-65.162,-26.718],[-65.162,-26.72],[-65.162,-26.721],[-65.161,-26.723],[-65.16,-26.724],[-65.157,-26.724],[-65.156,-26.725],[-65.155,-26.726],[-65.155,-26.727],[-65.156,-26.729],[-65.155,-26.73],[-65.155,-26.732],[-65.156,-26.732],[-65.157,-26.733],[-65.156,-26.734],[-65.157,-26.736],[-65.158,-26.736],[-65.157,-26.741],[-65.156,-26.742],[-65.156,-26.744],[-65.155,-26.747],[-65.155,-26.748],[-65.155,-26.749],[-65.155,-26.751],[-65.155,-26.752],[-65.156,-26.752],[-65.157,-26.753],[-65.158,-26.755],[-65.158,-26.756],[-65.157,-26.756],[-65.158,-26.758],[-65.162,-26.762],[-65.162,-26.764],[-65.162,-26.765],[-65.159,-26.768],[-65.158,-26.77],[-65.159,-26.771],[-65.16,-26.772],[-65.16,-26.775],[-65.161,-26.776],[-65.161,-26.777],[-65.159,-26.78],[-65.159,-26.781],[-65.16,-26.781],[-65.159,-26.784],[-65.159,-26.786],[-65.16,-26.787],[-65.161,-26.788],[-65.161,-26.791],[-65.163,-26.79],[-65.163,-26.793],[-65.164,-26.793],[-65.167,-26.791],[-65.168,-26.79],[-65.17,-26.789],[-65.172,-26.789],[-65.174,-26.789],[-65.175,-26.79],[-65.178,-26.793],[-65.179,-26.793],[-65.182,-26.792],[-65.183,-26.792],[-65.184,-26.792],[-65.185,-26.794],[-65.186,-26.795],[-65.188,-26.795],[-65.196,-26.793],[-65.198,-26.792],[-65.204,-26.792],[-65.207,-26.791],[-65.208,-26.791],[-65.213,-26.791],[-65.214,-26.791],[-65.216,-26.787],[-65.219,-26.786],[-65.22,-26.786],[-65.223,-26.789],[-65.224,-26.789],[-65.232,-26.787],[-65.234,-26.786],[-65.24,-26.785],[-65.241,-26.785],[-65.241,-26.784],[-65.242,-26.786],[-65.25,-26.784],[-65.249,-26.783],[-65.267,-26.779],[-65.269,-26.778],[-65.27,-26.777],[-65.271,-26.776],[-65.271,-26.775],[-65.271,-26.774],[-65.27,-26.773],[-65.266,-26.766],[-65.26,-26.754],[-65.259,-26.754],[-65.259,-26.751],[-65.295,-26.745],[-65.358,-26.734],[-65.361,-26.737],[-65.361,-26.739],[-65.361,-26.741],[-65.36,-26.743],[-65.36,-26.746],[-65.36,-26.748],[-65.359,-26.748],[-65.358,-26.751],[-65.355,-26.762],[-65.355,-26.763],[-65.357,-26.763],[-65.36,-26.763],[-65.363,-26.763],[-65.364,-26.765],[-65.365,-26.764],[-65.367,-26.764],[-65.369,-26.763],[-65.37,-26.762],[-65.372,-26.76],[-65.374,-26.76],[-65.376,-26.76],[-65.378,-26.761],[-65.379,-26.763],[-65.382,-26.766],[-65.383,-26.767],[-65.387,-26.768],[-65.389,-26.769],[-65.39,-26.771],[-65.391,-26.772],[-65.392,-26.774],[-65.394,-26.775],[-65.395,-26.776],[-65.397,-26.777],[-65.399,-26.778],[-65.4,-26.78],[-65.401,-26.782],[-65.403,-26.781],[-65.406,-26.776],[-65.41,-26.771],[-65.411,-26.77],[-65.411,-26.768],[-65.411,-26.766],[-65.415,-26.761],[-65.415,-26.759],[-65.415,-26.757],[-65.416,-26.755],[-65.418,-26.75],[-65.419,-26.744],[-65.42,-26.743],[-65.422,-26.739],[-65.424,-26.738],[-65.428,-26.764],[-65.432,-26.808],[-65.433,-26.808],[-65.434,-26.807],[-65.435,-26.806],[-65.437,-26.806],[-65.437,-26.805],[-65.438,-26.804],[-65.439,-26.804],[-65.44,-26.803],[-65.441,-26.803],[-65.442,-26.802],[-65.444,-26.8],[-65.446,-26.799],[-65.448,-26.798],[-65.45,-26.796],[-65.45,-26.795],[-65.451,-26.795],[-65.451,-26.792],[-65.451,-26.791],[-65.451,-26.79],[-65.451,-26.787],[-65.453,-26.786],[-65.454,-26.782],[-65.455,-26.782],[-65.457,-26.777],[-65.457,-26.776],[-65.458,-26.773],[-65.46,-26.772],[-65.461,-26.771],[-65.462,-26.77],[-65.471,-26.767],[-65.472,-26.767],[-65.474,-26.768],[-65.475,-26.767],[-65.478,-26.763],[-65.48,-26.762],[-65.481,-26.761],[-65.483,-26.76],[-65.485,-26.759],[-65.489,-26.757],[-65.49,-26.757],[-65.492,-26.757],[-65.493,-26.757],[-65.494,-26.757],[-65.496,-26.756],[-65.497,-26.756],[-65.498,-26.756],[-65.5,-26.756],[-65.501,-26.756],[-65.502,-26.755],[-65.503,-26.754],[-65.505,-26.756],[-65.506,-26.756],[-65.507,-26.756],[-65.508,-26.755],[-65.509,-26.753],[-65.51,-26.753],[-65.512,-26.754],[-65.513,-26.754],[-65.514,-26.753],[-65.515,-26.752],[-65.514,-26.75],[-65.515,-26.749],[-65.516,-26.748],[-65.519,-26.75],[-65.52,-26.75],[-65.521,-26.75],[-65.523,-26.751],[-65.524,-26.754],[-65.527,-26.755],[-65.528,-26.756],[-65.529,-26.756],[-65.529,-26.757],[-65.529,-26.758],[-65.53,-26.758],[-65.532,-26.759],[-65.533,-26.758],[-65.534,-26.758],[-65.535,-26.758],[-65.536,-26.759],[-65.538,-26.758],[-65.539,-26.758],[-65.54,-26.759],[-65.54,-26.76],[-65.541,-26.761],[-65.543,-26.762],[-65.545,-26.764],[-65.547,-26.764],[-65.548,-26.764],[-65.55,-26.76],[-65.551,-26.76],[-65.552,-26.76],[-65.551,-26.762],[-65.552,-26.762],[-65.553,-26.762],[-65.554,-26.761],[-65.554,-26.76],[-65.556,-26.76],[-65.557,-26.759],[-65.558,-26.759],[-65.559,-26.758],[-65.561,-26.758],[-65.562,-26.758],[-65.562,-26.757],[-65.563,-26.756],[-65.564,-26.756],[-65.564,-26.757],[-65.565,-26.755],[-65.565,-26.754],[-65.566,-26.753],[-65.566,-26.752],[-65.565,-26.752],[-65.566,-26.751],[-65.567,-26.751],[-65.568,-26.751],[-65.568,-26.749],[-65.569,-26.749],[-65.57,-26.749],[-65.571,-26.748],[-65.572,-26.748],[-65.572,-26.746],[-65.573,-26.745],[-65.573,-26.744],[-65.574,-26.744],[-65.576,-26.744],[-65.581,-26.743],[-65.582,-26.743],[-65.584,-26.741],[-65.584,-26.74],[-65.585,-26.739],[-65.586,-26.738],[-65.588,-26.738],[-65.592,-26.737],[-65.593,-26.735],[-65.595,-26.735],[-65.596,-26.734],[-65.597,-26.734],[-65.598,-26.733],[-65.599,-26.733],[-65.601,-26.733],[-65.602,-26.733],[-65.603,-26.731],[-65.604,-26.731],[-65.605,-26.731],[-65.606,-26.729],[-65.608,-26.728],[-65.611,-26.729],[-65.614,-26.729],[-65.618,-26.732],[-65.619,-26.733],[-65.62,-26.734],[-65.621,-26.735],[-65.623,-26.736],[-65.624,-26.736],[-65.625,-26.736],[-65.626,-26.736],[-65.628,-26.738],[-65.631,-26.738],[-65.632,-26.738],[-65.633,-26.738],[-65.634,-26.739],[-65.634,-26.74],[-65.636,-26.741],[-65.637,-26.744],[-65.638,-26.744],[-65.639,-26.744],[-65.64,-26.744],[-65.641,-26.746],[-65.642,-26.746],[-65.641,-26.747],[-65.639,-26.748],[-65.639,-26.749],[-65.641,-26.749],[-65.642,-26.75],[-65.641,-26.751],[-65.64,-26.751],[-65.64,-26.752],[-65.64,-26.753],[-65.641,-26.753],[-65.642,-26.753],[-65.643,-26.753],[-65.644,-26.753],[-65.647,-26.753],[-65.648,-26.754],[-65.648,-26.755],[-65.648,-26.756],[-65.651,-26.756],[-65.651,-26.757],[-65.653,-26.756],[-65.655,-26.755],[-65.656,-26.755],[-65.656,-26.754],[-65.657,-26.753],[-65.658,-26.753],[-65.661,-26.754],[-65.663,-26.753],[-65.663,-26.754],[-65.664,-26.753],[-65.665,-26.753],[-65.666,-26.752],[-65.667,-26.752],[-65.667,-26.751],[-65.671,-26.751],[-65.672,-26.75],[-65.671,-26.748],[-65.672,-26.747],[-65.672,-26.746],[-65.671,-26.746],[-65.671,-26.745],[-65.674,-26.742],[-65.675,-26.741],[-65.678,-26.741],[-65.681,-26.74],[-65.684,-26.739],[-65.684,-26.74],[-65.686,-26.74],[-65.687,-26.74],[-65.689,-26.74],[-65.69,-26.739],[-65.691,-26.738],[-65.692,-26.738],[-65.693,-26.738],[-65.694,-26.739],[-65.695,-26.74],[-65.696,-26.74],[-65.7,-26.74],[-65.703,-26.74],[-65.706,-26.741],[-65.709,-26.736],[-65.709,-26.733],[-65.708,-26.731],[-65.705,-26.725],[-65.705,-26.724],[-65.704,-26.722],[-65.703,-26.721],[-65.701,-26.72],[-65.699,-26.719],[-65.699,-26.718],[-65.696,-26.719],[-65.695,-26.718],[-65.696,-26.716],[-65.698,-26.713],[-65.7,-26.71],[-65.701,-26.706],[-65.702,-26.705],[-65.704,-26.704],[-65.705,-26.702],[-65.705,-26.701],[-65.705,-26.699],[-65.705,-26.697],[-65.711,-26.691],[-65.718,-26.689],[-65.72,-26.684],[-65.721,-26.684],[-65.759,-26.668],[-65.758,-26.666],[-65.759,-26.665],[-65.759,-26.664],[-65.759,-26.661],[-65.761,-26.658],[-65.762,-26.658],[-65.763,-26.658],[-65.764,-26.658],[-65.765,-26.658],[-65.766,-26.656],[-65.765,-26.654],[-65.766,-26.653],[-65.765,-26.652],[-65.764,-26.651],[-65.764,-26.647],[-65.765,-26.646],[-65.768,-26.644],[-65.774,-26.642],[-65.776,-26.641],[-65.776,-26.64],[-65.775,-26.639],[-65.771,-26.635],[-65.772,-26.633],[-65.772,-26.631],[-65.772,-26.63],[-65.773,-26.628],[-65.77,-26.627],[-65.77,-26.626],[-65.769,-26.624],[-65.766,-26.625],[-65.767,-26.623],[-65.76,-26.614],[-65.761,-26.612],[-65.756,-26.601],[-65.748,-26.596],[-65.743,-26.6],[-65.739,-26.599],[-65.732,-26.608],[-65.73,-26.601],[-65.728,-26.599],[-65.728,-26.58],[-65.726,-26.571],[-65.726,-26.557],[-65.722,-26.542],[-65.737,-26.527],[-65.739,-26.521],[-65.741,-26.517],[-65.743,-26.517],[-65.748,-26.512],[-65.746,-26.506],[-65.744,-26.505],[-65.744,-26.506],[-65.743,-26.507],[-65.741,-26.508],[-65.739,-26.509],[-65.737,-26.508],[-65.735,-26.508],[-65.734,-26.509],[-65.733,-26.509],[-65.733,-26.511],[-65.73,-26.513],[-65.727,-26.516],[-65.727,-26.517],[-65.726,-26.517],[-65.725,-26.519],[-65.725,-26.52],[-65.723,-26.521],[-65.722,-26.521],[-65.717,-26.521],[-65.715,-26.519],[-65.71,-26.518],[-65.709,-26.518]]]}},{"type":"Feature","properties":{"departamento":"TAFI DEL VALLE","cabecera":"Tafí del Valle"},"geometry":{"type":"Polygon","coordinates":[[[-65.719,-26.353],[-65.711,-26.356],[-65.712,-26.359],[-65.712,-26.361],[-65.717,-26.37],[-65.72,-26.379],[-65.721,-26.381],[-65.724,-26.383],[-65.725,-26.385],[-65.725,-26.387],[-65.725,-26.391],[-65.721,-26.398],[-65.719,-26.402],[-65.715,-26.408],[-65.714,-26.41],[-65.715,-26.414],[-65.719,-26.418],[-65.72,-26.423],[-65.72,-26.427],[-65.718,-26.431],[-65.716,-26.433],[-65.715,-26.437],[-65.714,-26.44],[-65.712,-26.443],[-65.711,-26.446],[-65.71,-26.453],[-65.711,-26.46],[-65.711,-26.463],[-65.708,-26.468],[-65.706,-26.471],[-65.706,-26.473],[-65.705,-26.476],[-65.701,-26.481],[-65.7,-26.483],[-65.7,-26.487],[-65.701,-26.493],[-65.703,-26.496],[-65.702,-26.503],[-65.706,-26.508],[-65.709,-26.517],[-65.709,-26.518],[-65.71,-26.518],[-65.715,-26.519],[-65.717,-26.521],[-65.722,-26.521],[-65.723,-26.521],[-65.725,-26.52],[-65.725,-26.519],[-65.726,-26.517],[-65.727,-26.517],[-65.727,-26.516],[-65.73,-26.513],[-65.733,-26.511],[-65.733,-26.509],[-65.734,-26.509],[-65.735,-26.508],[-65.737,-26.508],[-65.739,-26.509],[-65.741,-26.508],[-65.743,-26.507],[-65.744,-26.506],[-65.744,-26.505],[-65.746,-26.506],[-65.748,-26.512],[-65.743,-26.517],[-65.741,-26.517],[-65.739,-26.521],[-65.737,-26.527],[-65.722,-26.542],[-65.726,-26.557],[-65.726,-26.571],[-65.728,-26.58],[-65.728,-26.599],[-65.73,-26.601],[-65.732,-26.608],[-65.739,-26.599],[-65.743,-26.6],[-65.748,-26.596],[-65.756,-26.601],[-65.761,-26.612],[-65.76,-26.614],[-65.767,-26.623],[-65.766,-26.625],[-65.769,-26.624],[-65.77,-26.626],[-65.77,-26.627],[-65.773,-26.628],[-65.772,-26.63],[-65.772,-26.631],[-65.772,-26.633],[-65.771,-26.635],[-65.775,-26.639],[-65.776,-26.64],[-65.776,-26.641],[-65.768,-26.644],[-65.765,-26.646],[-65.764,-26.647],[-65.764,-26.651],[-65.765,-26.652],[-65.766,-26.653],[-65.765,-26.654],[-65.766,-26.656],[-65.765,-26.658],[-65.764,-26.658],[-65.763,-26.658],[-65.762,-26.658],[-65.761,-26.658],[-65.759,-26.661],[-65.759,-26.664],[-65.759,-26.665],[-65.758,-26.666],[-65.759,-26.668],[-65.721,-26.684],[-65.72,-26.684],[-65.718,-26.689],[-65.711,-26.691],[-65.705,-26.697],[-65.705,-26.699],[-65.705,-26.701],[-65.705,-26.702],[-65.704,-26.704],[-65.702,-26.705],[-65.701,-26.706],[-65.7,-26.71],[-65.698,-26.713],[-65.696,-26.716],[-65.695,-26.718],[-65.696,-26.719],[-65.699,-26.718],[-65.699,-26.719],[-65.701,-26.72],[-65.703,-26.721],[-65.704,-26.722],[-65.705,-26.724],[-65.705,-26.725],[-65.708,-26.731],[-65.709,-26.733],[-65.709,-26.736],[-65.707,-26.739],[-65.711,-26.739],[-65.696,-26.774],[-65.693,-26.781],[-65.69,-26.788],[-65.688,-26.793],[-65.689,-26.795],[-65.68,-26.813],[-65.676,-26.815],[-65.657,-26.811],[-65.653,-26.812],[-65.653,-26.816],[-65.652,-26.817],[-65.652,-26.819],[-65.653,-26.823],[-65.655,-26.83],[-65.655,-26.832],[-65.653,-26.831],[-65.65,-26.828],[-65.649,-26.826],[-65.647,-26.826],[-65.64,-26.826],[-65.632,-26.826],[-65.624,-26.825],[-65.623,-26.827],[-65.624,-26.836],[-65.624,-26.839],[-65.627,-26.841],[-65.628,-26.847],[-65.63,-26.85],[-65.627,-26.864],[-65.628,-26.864],[-65.628,-26.87],[-65.628,-26.871],[-65.629,-26.876],[-65.632,-26.877],[-65.634,-26.877],[-65.637,-26.881],[-65.639,-26.886],[-65.639,-26.894],[-65.641,-26.895],[-65.648,-26.892],[-65.647,-26.891],[-65.652,-26.891],[-65.657,-26.899],[-65.657,-26.903],[-65.66,-26.905],[-65.661,-26.908],[-65.663,-26.91],[-65.663,-26.911],[-65.658,-26.923],[-65.657,-26.923],[-65.656,-26.928],[-65.657,-26.93],[-65.657,-26.934],[-65.656,-26.938],[-65.652,-26.941],[-65.652,-26.945],[-65.65,-26.949],[-65.648,-26.953],[-65.648,-26.955],[-65.662,-26.953],[-65.663,-26.941],[-65.673,-26.942],[-65.672,-26.955],[-65.681,-26.978],[-65.697,-26.968],[-65.709,-26.972],[-65.688,-26.985],[-65.69,-26.986],[-65.696,-26.99],[-65.699,-26.992],[-65.702,-26.996],[-65.703,-27.001],[-65.707,-27.005],[-65.711,-27.01],[-65.712,-27.013],[-65.714,-27.018],[-65.718,-27.023],[-65.719,-27.025],[-65.716,-27.032],[-65.721,-27.034],[-65.73,-27.036],[-65.736,-27.035],[-65.742,-27.035],[-65.748,-27.037],[-65.753,-27.039],[-65.78,-27.047],[-65.781,-27.049],[-65.779,-27.05],[-65.78,-27.051],[-65.78,-27.054],[-65.778,-27.056],[-65.779,-27.058],[-65.778,-27.059],[-65.778,-27.06],[-65.779,-27.062],[-65.778,-27.064],[-65.777,-27.066],[-65.778,-27.067],[-65.778,-27.068],[-65.777,-27.069],[-65.776,-27.07],[-65.776,-27.071],[-65.776,-27.072],[-65.777,-27.072],[-65.776,-27.073],[-65.777,-27.074],[-65.777,-27.075],[-65.776,-27.078],[-65.773,-27.081],[-65.772,-27.081],[-65.772,-27.082],[-65.774,-27.082],[-65.775,-27.083],[-65.775,-27.084],[-65.776,-27.086],[-65.776,-27.087],[-65.776,-27.089],[-65.775,-27.09],[-65.774,-27.09],[-65.773,-27.09],[-65.771,-27.091],[-65.771,-27.092],[-65.771,-27.093],[-65.771,-27.094],[-65.775,-27.093],[-65.776,-27.094],[-65.778,-27.096],[-65.779,-27.096],[-65.779,-27.097],[-65.78,-27.097],[-65.781,-27.098],[-65.781,-27.099],[-65.781,-27.1],[-65.783,-27.1],[-65.787,-27.101],[-65.787,-27.1],[-65.787,-27.099],[-65.787,-27.098],[-65.789,-27.098],[-65.789,-27.097],[-65.79,-27.098],[-65.791,-27.098],[-65.792,-27.097],[-65.794,-27.095],[-65.793,-27.094],[-65.791,-27.093],[-65.792,-27.092],[-65.792,-27.091],[-65.791,-27.09],[-65.792,-27.089],[-65.794,-27.089],[-65.796,-27.088],[-65.797,-27.087],[-65.797,-27.085],[-65.796,-27.083],[-65.796,-27.082],[-65.795,-27.08],[-65.796,-27.08],[-65.797,-27.079],[-65.796,-27.078],[-65.796,-27.077],[-65.795,-27.076],[-65.795,-27.075],[-65.796,-27.074],[-65.797,-27.075],[-65.798,-27.075],[-65.8,-27.074],[-65.8,-27.073],[-65.8,-27.072],[-65.799,-27.072],[-65.798,-27.072],[-65.798,-27.071],[-65.799,-27.069],[-65.799,-27.068],[-65.8,-27.066],[-65.801,-27.066],[-65.802,-27.065],[-65.802,-27.063],[-65.804,-27.063],[-65.807,-27.063],[-65.808,-27.062],[-65.81,-27.063],[-65.813,-27.065],[-65.814,-27.065],[-65.815,-27.065],[-65.817,-27.064],[-65.818,-27.063],[-65.819,-27.063],[-65.819,-27.062],[-65.818,-27.061],[-65.818,-27.059],[-65.817,-27.058],[-65.817,-27.056],[-65.819,-27.054],[-65.82,-27.052],[-65.819,-27.052],[-65.818,-27.051],[-65.817,-27.05],[-65.818,-27.048],[-65.818,-27.046],[-65.819,-27.045],[-65.82,-27.045],[-65.821,-27.044],[-65.822,-27.044],[-65.823,-27.044],[-65.824,-27.044],[-65.825,-27.044],[-65.825,-27.043],[-65.824,-27.042],[-65.824,-27.041],[-65.823,-27.04],[-65.824,-27.039],[-65.826,-27.039],[-65.827,-27.039],[-65.827,-27.038],[-65.827,-27.037],[-65.827,-27.036],[-65.829,-27.037],[-65.829,-27.036],[-65.83,-27.036],[-65.829,-27.035],[-65.83,-27.034],[-65.832,-27.033],[-65.833,-27.034],[-65.834,-27.033],[-65.835,-27.032],[-65.835,-27.031],[-65.836,-27.03],[-65.836,-27.029],[-65.84,-27.028],[-65.842,-27.028],[-65.843,-27.027],[-65.842,-27.026],[-65.843,-27.026],[-65.843,-27.025],[-65.844,-27.026],[-65.845,-27.025],[-65.846,-27.025],[-65.846,-27.024],[-65.847,-27.024],[-65.847,-27.023],[-65.847,-27.021],[-65.848,-27.02],[-65.849,-27.02],[-65.851,-27.019],[-65.852,-27.018],[-65.854,-27.016],[-65.854,-27.015],[-65.852,-27.013],[-65.852,-27.011],[-65.853,-27.011],[-65.852,-27.01],[-65.853,-27.009],[-65.853,-27.008],[-65.856,-27.005],[-65.855,-27.004],[-65.855,-27.002],[-65.855,-27.001],[-65.856,-27.001],[-65.856,-27],[-65.856,-26.998],[-65.855,-26.993],[-65.855,-26.992],[-65.855,-26.991],[-65.856,-26.99],[-65.857,-26.989],[-65.859,-26.988],[-65.86,-26.987],[-65.861,-26.987],[-65.86,-26.985],[-65.861,-26.984],[-65.861,-26.983],[-65.864,-26.982],[-65.865,-26.982],[-65.866,-26.982],[-65.868,-26.981],[-65.869,-26.981],[-65.871,-26.982],[-65.873,-26.982],[-65.874,-26.982],[-65.892,-26.973],[-65.892,-26.972],[-65.89,-26.97],[-65.889,-26.968],[-65.886,-26.961],[-65.886,-26.959],[-65.885,-26.954],[-65.883,-26.951],[-65.883,-26.948],[-65.881,-26.944],[-65.88,-26.941],[-65.877,-26.941],[-65.875,-26.933],[-65.869,-26.931],[-65.865,-26.933],[-65.862,-26.932],[-65.859,-26.931],[-65.858,-26.929],[-65.857,-26.924],[-65.857,-26.922],[-65.857,-26.916],[-65.859,-26.913],[-65.858,-26.91],[-65.857,-26.907],[-65.857,-26.904],[-65.858,-26.901],[-65.86,-26.901],[-65.867,-26.897],[-65.871,-26.895],[-65.875,-26.892],[-65.876,-26.889],[-65.876,-26.886],[-65.877,-26.883],[-65.879,-26.881],[-65.881,-26.881],[-65.884,-26.882],[-65.886,-26.882],[-65.888,-26.881],[-65.89,-26.878],[-65.892,-26.876],[-65.893,-26.874],[-65.896,-26.873],[-65.897,-26.87],[-65.9,-26.867],[-65.9,-26.864],[-65.898,-26.863],[-65.895,-26.862],[-65.893,-26.86],[-65.892,-26.857],[-65.89,-26.856],[-65.891,-26.853],[-65.894,-26.85],[-65.894,-26.847],[-65.894,-26.844],[-65.894,-26.842],[-65.892,-26.839],[-65.888,-26.834],[-65.887,-26.83],[-65.884,-26.828],[-65.883,-26.827],[-65.879,-26.824],[-65.875,-26.82],[-65.874,-26.818],[-65.875,-26.816],[-65.876,-26.814],[-65.88,-26.809],[-65.881,-26.806],[-65.873,-26.802],[-65.866,-26.795],[-65.865,-26.792],[-65.863,-26.789],[-65.86,-26.783],[-65.86,-26.777],[-65.86,-26.776],[-65.859,-26.773],[-65.859,-26.771],[-65.858,-26.766],[-65.854,-26.76],[-65.846,-26.755],[-65.843,-26.754],[-65.84,-26.752],[-65.837,-26.751],[-65.834,-26.751],[-65.832,-26.75],[-65.831,-26.748],[-65.83,-26.744],[-65.831,-26.741],[-65.833,-26.738],[-65.834,-26.737],[-66.042,-26.6],[-66.153,-26.625],[-66.156,-26.627],[-66.161,-26.628],[-66.164,-26.628],[-66.171,-26.631],[-66.172,-26.629],[-66.172,-26.624],[-66.169,-26.613],[-66.169,-26.607],[-66.167,-26.601],[-66.176,-26.578],[-66.175,-26.574],[-66.173,-26.572],[-66.17,-26.57],[-66.169,-26.568],[-66.168,-26.566],[-66.167,-26.556],[-66.167,-26.553],[-66.169,-26.551],[-66.169,-26.549],[-66.17,-26.548],[-66.17,-26.547],[-66.17,-26.545],[-66.169,-26.543],[-66.167,-26.541],[-66.166,-26.54],[-66.165,-26.537],[-66.165,-26.534],[-66.166,-26.532],[-66.167,-26.53],[-66.169,-26.528],[-66.17,-26.524],[-66.172,-26.522],[-66.172,-26.518],[-66.172,-26.514],[-66.173,-26.511],[-66.166,-26.504],[-66.164,-26.503],[-66.165,-26.5],[-66.167,-26.497],[-66.169,-26.496],[-66.171,-26.495],[-66.174,-26.493],[-66.175,-26.49],[-66.177,-26.488],[-66.178,-26.483],[-66.177,-26.475],[-66.178,-26.472],[-66.176,-26.469],[-66.172,-26.468],[-66.17,-26.466],[-66.168,-26.464],[-66.166,-26.461],[-66.163,-26.459],[-66.161,-26.457],[-66.161,-26.454],[-66.156,-26.448],[-66.155,-26.444],[-66.154,-26.438],[-66.153,-26.436],[-66.154,-26.432],[-66.155,-26.428],[-66.157,-26.424],[-66.16,-26.421],[-66.161,-26.419],[-66.158,-26.401],[-66.156,-26.397],[-66.152,-26.396],[-66.147,-26.395],[-66.141,-26.393],[-66.137,-26.391],[-66.134,-26.391],[-66.129,-26.39],[-66.127,-26.389],[-66.124,-26.387],[-66.124,-26.383],[-66.122,-26.38],[-66.119,-26.377],[-66.119,-26.374],[-66.12,-26.373],[-66.119,-26.37],[-66.119,-26.366],[-66.117,-26.364],[-66.118,-26.363],[-66.118,-26.361],[-66.118,-26.358],[-66.117,-26.356],[-66.118,-26.354],[-66.117,-26.351],[-66.117,-26.349],[-66.116,-26.348],[-66.115,-26.346],[-66.114,-26.344],[-66.115,-26.334],[-66.116,-26.331],[-66.117,-26.327],[-66.117,-26.325],[-66.118,-26.32],[-66.12,-26.317],[-66.12,-26.315],[-66.123,-26.312],[-66.124,-26.31],[-66.124,-26.309],[-66.125,-26.307],[-66.123,-26.307],[-66.122,-26.306],[-66.121,-26.304],[-66.121,-26.296],[-66.122,-26.293],[-66.121,-26.29],[-66.12,-26.289],[-66.121,-26.287],[-66.122,-26.286],[-66.121,-26.284],[-66.12,-26.282],[-66.121,-26.279],[-66.121,-26.276],[-66.119,-26.267],[-66.118,-26.264],[-66.116,-26.262],[-66.114,-26.261],[-66.112,-26.261],[-66.11,-26.261],[-66.106,-26.261],[-66.103,-26.26],[-66.101,-26.255],[-66.098,-26.252],[-66.098,-26.25],[-66.097,-26.248],[-66.097,-26.244],[-66.099,-26.238],[-66.101,-26.235],[-66.101,-26.233],[-66.101,-26.232],[-66.102,-26.229],[-66.101,-26.226],[-66.1,-26.22],[-66.074,-26.237],[-66.071,-26.239],[-66.047,-26.241],[-66.044,-26.243],[-66.043,-26.245],[-66.042,-26.249],[-66.04,-26.251],[-66.038,-26.251],[-66.036,-26.25],[-66.033,-26.25],[-66,-26.264],[-65.719,-26.353]]]}},{"type":"Feature","properties":{"departamento":"CAPITAL","cabecera":"San Miguel de Tucumán"},"geometry":{"type":"Polygon","coordinates":[[[-65.161,-26.791],[-65.162,-26.795],[-65.162,-26.796],[-65.162,-26.797],[-65.161,-26.797],[-65.161,-26.798],[-65.162,-26.8],[-65.161,-26.802],[-65.16,-26.803],[-65.159,-26.805],[-65.16,-26.806],[-65.159,-26.807],[-65.16,-26.809],[-65.159,-26.81],[-65.159,-26.811],[-65.16,-26.812],[-65.159,-26.814],[-65.16,-26.815],[-65.161,-26.816],[-65.162,-26.82],[-65.162,-26.821],[-65.163,-26.822],[-65.164,-26.824],[-65.165,-26.826],[-65.166,-26.827],[-65.166,-26.829],[-65.168,-26.83],[-65.169,-26.831],[-65.171,-26.834],[-65.172,-26.837],[-65.173,-26.837],[-65.173,-26.838],[-65.174,-26.839],[-65.174,-26.84],[-65.176,-26.843],[-65.176,-26.846],[-65.178,-26.846],[-65.179,-26.848],[-65.179,-26.849],[-65.18,-26.85],[-65.179,-26.851],[-65.179,-26.852],[-65.179,-26.854],[-65.179,-26.855],[-65.18,-26.856],[-65.181,-26.856],[-65.182,-26.858],[-65.182,-26.859],[-65.183,-26.859],[-65.184,-26.86],[-65.185,-26.861],[-65.185,-26.862],[-65.187,-26.863],[-65.187,-26.868],[-65.189,-26.869],[-65.19,-26.868],[-65.191,-26.868],[-65.192,-26.868],[-65.195,-26.868],[-65.196,-26.869],[-65.195,-26.87],[-65.194,-26.871],[-65.193,-26.871],[-65.193,-26.872],[-65.193,-26.873],[-65.196,-26.873],[-65.196,-26.874],[-65.198,-26.875],[-65.199,-26.877],[-65.199,-26.878],[-65.198,-26.879],[-65.198,-26.88],[-65.199,-26.881],[-65.2,-26.881],[-65.201,-26.884],[-65.202,-26.885],[-65.202,-26.887],[-65.201,-26.888],[-65.201,-26.89],[-65.202,-26.891],[-65.205,-26.89],[-65.205,-26.891],[-65.205,-26.892],[-65.205,-26.893],[-65.205,-26.894],[-65.206,-26.894],[-65.207,-26.894],[-65.208,-26.893],[-65.208,-26.894],[-65.208,-26.895],[-65.207,-26.895],[-65.206,-26.896],[-65.206,-26.899],[-65.207,-26.899],[-65.209,-26.901],[-65.21,-26.904],[-65.209,-26.904],[-65.207,-26.905],[-65.206,-26.906],[-65.205,-26.906],[-65.205,-26.907],[-65.207,-26.91],[-65.208,-26.911],[-65.209,-26.911],[-65.209,-26.912],[-65.21,-26.913],[-65.209,-26.914],[-65.212,-26.913],[-65.214,-26.912],[-65.214,-26.911],[-65.214,-26.909],[-65.215,-26.908],[-65.214,-26.907],[-65.214,-26.906],[-65.217,-26.904],[-65.219,-26.902],[-65.222,-26.9],[-65.226,-26.894],[-65.23,-26.886],[-65.231,-26.885],[-65.23,-26.876],[-65.23,-26.868],[-65.236,-26.864],[-65.271,-26.857],[-65.271,-26.855],[-65.272,-26.855],[-65.273,-26.854],[-65.274,-26.853],[-65.274,-26.852],[-65.275,-26.851],[-65.275,-26.85],[-65.272,-26.847],[-65.27,-26.846],[-65.268,-26.844],[-65.268,-26.843],[-65.268,-26.842],[-65.269,-26.841],[-65.27,-26.838],[-65.271,-26.837],[-65.271,-26.836],[-65.271,-26.833],[-65.271,-26.832],[-65.27,-26.832],[-65.27,-26.831],[-65.27,-26.83],[-65.267,-26.825],[-65.266,-26.822],[-65.264,-26.816],[-65.264,-26.81],[-65.262,-26.808],[-65.262,-26.807],[-65.262,-26.806],[-65.26,-26.8],[-65.257,-26.792],[-65.25,-26.784],[-65.242,-26.786],[-65.241,-26.784],[-65.241,-26.785],[-65.24,-26.785],[-65.234,-26.786],[-65.232,-26.787],[-65.224,-26.789],[-65.223,-26.789],[-65.22,-26.786],[-65.219,-26.786],[-65.216,-26.787],[-65.214,-26.791],[-65.213,-26.791],[-65.208,-26.791],[-65.207,-26.791],[-65.204,-26.792],[-65.198,-26.792],[-65.196,-26.793],[-65.188,-26.795],[-65.186,-26.795],[-65.185,-26.794],[-65.184,-26.792],[-65.183,-26.792],[-65.182,-26.792],[-65.179,-26.793],[-65.178,-26.793],[-65.175,-26.79],[-65.174,-26.789],[-65.172,-26.789],[-65.17,-26.789],[-65.168,-26.79],[-65.167,-26.791],[-65.164,-26.793],[-65.163,-26.793],[-65.163,-26.79],[-65.161,-26.791]]]}},{"type":"Feature","properties":{"departamento":"CRUZ ALTA","cabecera":"Banda del Río Salí"},"geometry":{"type":"Polygon","coordinates":[[[-64.72,-26.885],[-64.743,-27.004],[-64.75,-27.003],[-64.754,-27.017],[-64.767,-27.014],[-64.77,-27.032],[-64.781,-27.077],[-64.816,-27.07],[-64.814,-27.064],[-64.899,-27.049],[-64.898,-27.047],[-64.937,-27.04],[-64.938,-27.041],[-64.942,-27.038],[-64.944,-27.036],[-64.947,-27.035],[-65.028,-27.019],[-65.047,-27.015],[-65.05,-27.029],[-65.091,-27.021],[-65.119,-27.016],[-65.121,-27.026],[-65.123,-27.026],[-65.122,-27.025],[-65.166,-27.016],[-65.165,-27.015],[-65.182,-27.012],[-65.181,-27.01],[-65.203,-27.006],[-65.223,-27.002],[-65.224,-27.001],[-65.225,-27.002],[-65.246,-26.998],[-65.245,-26.997],[-65.245,-26.996],[-65.246,-26.993],[-65.246,-26.992],[-65.248,-26.992],[-65.25,-26.992],[-65.249,-26.991],[-65.248,-26.989],[-65.247,-26.989],[-65.245,-26.988],[-65.243,-26.988],[-65.243,-26.987],[-65.242,-26.987],[-65.242,-26.986],[-65.242,-26.985],[-65.244,-26.984],[-65.244,-26.983],[-65.243,-26.982],[-65.242,-26.98],[-65.242,-26.977],[-65.241,-26.976],[-65.24,-26.976],[-65.239,-26.976],[-65.238,-26.976],[-65.238,-26.978],[-65.238,-26.979],[-65.238,-26.981],[-65.237,-26.981],[-65.236,-26.98],[-65.236,-26.981],[-65.235,-26.981],[-65.233,-26.98],[-65.233,-26.979],[-65.233,-26.978],[-65.233,-26.977],[-65.234,-26.975],[-65.234,-26.974],[-65.235,-26.972],[-65.235,-26.968],[-65.233,-26.968],[-65.229,-26.969],[-65.229,-26.967],[-65.227,-26.966],[-65.226,-26.966],[-65.225,-26.965],[-65.224,-26.964],[-65.225,-26.963],[-65.224,-26.961],[-65.221,-26.958],[-65.221,-26.957],[-65.221,-26.956],[-65.22,-26.955],[-65.219,-26.954],[-65.218,-26.953],[-65.217,-26.954],[-65.215,-26.952],[-65.215,-26.95],[-65.218,-26.95],[-65.219,-26.95],[-65.219,-26.949],[-65.216,-26.948],[-65.216,-26.947],[-65.216,-26.946],[-65.216,-26.945],[-65.216,-26.944],[-65.219,-26.942],[-65.219,-26.941],[-65.218,-26.94],[-65.22,-26.938],[-65.22,-26.937],[-65.219,-26.936],[-65.218,-26.936],[-65.218,-26.937],[-65.217,-26.939],[-65.216,-26.94],[-65.215,-26.941],[-65.214,-26.941],[-65.214,-26.94],[-65.213,-26.939],[-65.212,-26.938],[-65.211,-26.938],[-65.211,-26.937],[-65.212,-26.936],[-65.214,-26.934],[-65.215,-26.933],[-65.215,-26.931],[-65.214,-26.931],[-65.212,-26.93],[-65.208,-26.929],[-65.208,-26.928],[-65.209,-26.927],[-65.21,-26.926],[-65.212,-26.926],[-65.213,-26.925],[-65.213,-26.924],[-65.212,-26.923],[-65.211,-26.922],[-65.213,-26.921],[-65.214,-26.92],[-65.215,-26.919],[-65.215,-26.918],[-65.214,-26.918],[-65.21,-26.918],[-65.208,-26.917],[-65.208,-26.916],[-65.208,-26.915],[-65.21,-26.913],[-65.209,-26.912],[-65.209,-26.911],[-65.208,-26.911],[-65.207,-26.91],[-65.205,-26.907],[-65.205,-26.906],[-65.206,-26.906],[-65.207,-26.905],[-65.209,-26.904],[-65.21,-26.904],[-65.209,-26.901],[-65.207,-26.899],[-65.206,-26.899],[-65.206,-26.896],[-65.207,-26.895],[-65.208,-26.895],[-65.208,-26.894],[-65.208,-26.893],[-65.207,-26.894],[-65.206,-26.894],[-65.205,-26.894],[-65.205,-26.893],[-65.205,-26.892],[-65.205,-26.891],[-65.205,-26.89],[-65.202,-26.891],[-65.201,-26.89],[-65.201,-26.888],[-65.202,-26.887],[-65.202,-26.885],[-65.201,-26.884],[-65.2,-26.881],[-65.199,-26.881],[-65.198,-26.88],[-65.198,-26.879],[-65.199,-26.878],[-65.199,-26.877],[-65.198,-26.875],[-65.196,-26.874],[-65.196,-26.873],[-65.193,-26.873],[-65.193,-26.872],[-65.193,-26.871],[-65.194,-26.871],[-65.195,-26.87],[-65.196,-26.869],[-65.195,-26.868],[-65.192,-26.868],[-65.191,-26.868],[-65.19,-26.868],[-65.189,-26.869],[-65.187,-26.868],[-65.187,-26.863],[-65.185,-26.862],[-65.185,-26.861],[-65.184,-26.86],[-65.183,-26.859],[-65.182,-26.859],[-65.182,-26.858],[-65.181,-26.856],[-65.18,-26.856],[-65.179,-26.855],[-65.179,-26.854],[-65.179,-26.852],[-65.179,-26.851],[-65.18,-26.85],[-65.179,-26.849],[-65.179,-26.848],[-65.178,-26.846],[-65.176,-26.846],[-65.176,-26.843],[-65.174,-26.84],[-65.174,-26.839],[-65.173,-26.838],[-65.173,-26.837],[-65.172,-26.837],[-65.171,-26.834],[-65.169,-26.831],[-65.168,-26.83],[-65.166,-26.829],[-65.166,-26.827],[-65.165,-26.826],[-65.164,-26.824],[-65.163,-26.822],[-65.162,-26.821],[-65.162,-26.82],[-65.161,-26.816],[-65.16,-26.815],[-65.159,-26.814],[-65.16,-26.812],[-65.159,-26.811],[-65.159,-26.81],[-65.16,-26.809],[-65.159,-26.807],[-65.16,-26.806],[-65.159,-26.805],[-65.16,-26.803],[-65.161,-26.802],[-65.162,-26.8],[-65.161,-26.798],[-65.161,-26.797],[-65.162,-26.797],[-65.162,-26.796],[-65.162,-26.795],[-65.161,-26.791],[-65.161,-26.788],[-65.16,-26.787],[-65.159,-26.786],[-65.159,-26.784],[-65.16,-26.781],[-65.159,-26.781],[-65.159,-26.78],[-65.161,-26.777],[-65.161,-26.776],[-65.16,-26.775],[-65.16,-26.772],[-65.159,-26.771],[-65.158,-26.77],[-65.159,-26.768],[-65.162,-26.764],[-65.162,-26.763],[-65.159,-26.759],[-65.158,-26.758],[-65.157,-26.756],[-65.156,-26.756],[-65.155,-26.757],[-65.153,-26.757],[-65.152,-26.756],[-65.151,-26.756],[-65.151,-26.754],[-65.149,-26.753],[-65.148,-26.753],[-65.149,-26.752],[-65.147,-26.75],[-65.146,-26.75],[-65.145,-26.749],[-65.144,-26.749],[-65.141,-26.749],[-65.139,-26.748],[-65.139,-26.747],[-65.137,-26.747],[-65.136,-26.747],[-65.136,-26.748],[-65.135,-26.748],[-65.132,-26.749],[-65.132,-26.748],[-65.132,-26.747],[-65.131,-26.746],[-65.13,-26.744],[-65.129,-26.744],[-65.13,-26.745],[-65.129,-26.747],[-65.129,-26.748],[-65.13,-26.748],[-65.13,-26.75],[-65.1,-26.756],[-65.105,-26.777],[-65.063,-26.785],[-65.047,-26.788],[-64.982,-26.8],[-64.948,-26.807],[-64.944,-26.79],[-64.943,-26.79],[-64.937,-26.764],[-64.88,-26.774],[-64.894,-26.833],[-64.852,-26.841],[-64.846,-26.815],[-64.816,-26.82],[-64.805,-26.822],[-64.808,-26.84],[-64.778,-26.844],[-64.781,-26.858],[-64.759,-26.862],[-64.752,-26.864],[-64.752,-26.863],[-64.737,-26.867],[-64.74,-26.882],[-64.738,-26.885],[-64.732,-26.882],[-64.728,-26.883],[-64.72,-26.885]]]}},{"type":"Feature","properties":{"departamento":"TRANCAS","cabecera":"Trancas"},"geometry":{"type":"Polygon","coordinates":[[[-65.04,-26.274],[-65.038,-26.278],[-65.038,-26.287],[-65.037,-26.288],[-65.037,-26.289],[-65.039,-26.291],[-65.04,-26.292],[-65.039,-26.293],[-65.038,-26.294],[-65.038,-26.297],[-65.04,-26.299],[-65.04,-26.301],[-65.042,-26.302],[-65.042,-26.303],[-65.042,-26.304],[-65.043,-26.306],[-65.044,-26.309],[-65.045,-26.31],[-65.044,-26.312],[-65.046,-26.318],[-65.044,-26.319],[-65.045,-26.32],[-65.046,-26.321],[-65.047,-26.323],[-65.048,-26.323],[-65.048,-26.324],[-65.049,-26.324],[-65.052,-26.327],[-65.051,-26.331],[-65.053,-26.331],[-65.055,-26.332],[-65.057,-26.335],[-65.061,-26.335],[-65.063,-26.337],[-65.062,-26.338],[-65.064,-26.341],[-65.066,-26.34],[-65.068,-26.342],[-65.067,-26.344],[-65.068,-26.348],[-65.069,-26.352],[-65.07,-26.355],[-65.07,-26.358],[-65.077,-26.361],[-65.08,-26.363],[-65.08,-26.366],[-65.081,-26.369],[-65.082,-26.368],[-65.083,-26.37],[-65.082,-26.37],[-65.082,-26.371],[-65.083,-26.372],[-65.083,-26.373],[-65.087,-26.372],[-65.087,-26.373],[-65.088,-26.374],[-65.088,-26.377],[-65.09,-26.379],[-65.091,-26.38],[-65.091,-26.384],[-65.09,-26.386],[-65.09,-26.388],[-65.091,-26.389],[-65.091,-26.392],[-65.094,-26.396],[-65.095,-26.396],[-65.096,-26.395],[-65.097,-26.396],[-65.098,-26.399],[-65.1,-26.4],[-65.102,-26.399],[-65.103,-26.401],[-65.102,-26.402],[-65.103,-26.403],[-65.103,-26.406],[-65.102,-26.408],[-65.103,-26.409],[-65.103,-26.41],[-65.104,-26.411],[-65.103,-26.413],[-65.103,-26.414],[-65.103,-26.416],[-65.103,-26.417],[-65.103,-26.419],[-65.104,-26.42],[-65.104,-26.421],[-65.105,-26.421],[-65.106,-26.423],[-65.107,-26.425],[-65.106,-26.426],[-65.107,-26.427],[-65.107,-26.428],[-65.108,-26.43],[-65.109,-26.43],[-65.109,-26.431],[-65.11,-26.432],[-65.11,-26.433],[-65.11,-26.434],[-65.11,-26.435],[-65.109,-26.436],[-65.109,-26.439],[-65.108,-26.44],[-65.108,-26.441],[-65.109,-26.442],[-65.108,-26.442],[-65.11,-26.444],[-65.11,-26.446],[-65.111,-26.446],[-65.112,-26.447],[-65.111,-26.449],[-65.11,-26.45],[-65.111,-26.451],[-65.11,-26.451],[-65.111,-26.452],[-65.11,-26.453],[-65.112,-26.454],[-65.109,-26.458],[-65.111,-26.458],[-65.111,-26.46],[-65.11,-26.46],[-65.109,-26.461],[-65.11,-26.462],[-65.11,-26.463],[-65.11,-26.464],[-65.111,-26.464],[-65.112,-26.464],[-65.113,-26.466],[-65.113,-26.467],[-65.113,-26.468],[-65.112,-26.469],[-65.113,-26.47],[-65.112,-26.473],[-65.114,-26.472],[-65.116,-26.473],[-65.117,-26.475],[-65.117,-26.476],[-65.116,-26.476],[-65.116,-26.477],[-65.116,-26.478],[-65.116,-26.479],[-65.115,-26.48],[-65.115,-26.481],[-65.116,-26.481],[-65.117,-26.481],[-65.117,-26.483],[-65.119,-26.485],[-65.118,-26.487],[-65.118,-26.49],[-65.117,-26.492],[-65.115,-26.492],[-65.115,-26.495],[-65.112,-26.496],[-65.112,-26.497],[-65.112,-26.498],[-65.114,-26.5],[-65.115,-26.505],[-65.114,-26.504],[-65.113,-26.507],[-65.114,-26.509],[-65.116,-26.509],[-65.118,-26.509],[-65.121,-26.51],[-65.123,-26.509],[-65.125,-26.511],[-65.127,-26.51],[-65.129,-26.51],[-65.129,-26.511],[-65.13,-26.511],[-65.131,-26.512],[-65.133,-26.511],[-65.134,-26.51],[-65.135,-26.511],[-65.136,-26.509],[-65.138,-26.509],[-65.139,-26.508],[-65.141,-26.508],[-65.142,-26.51],[-65.143,-26.512],[-65.148,-26.513],[-65.148,-26.515],[-65.148,-26.516],[-65.147,-26.519],[-65.146,-26.52],[-65.147,-26.521],[-65.148,-26.521],[-65.148,-26.523],[-65.149,-26.523],[-65.151,-26.523],[-65.152,-26.524],[-65.153,-26.525],[-65.154,-26.525],[-65.155,-26.526],[-65.155,-26.528],[-65.156,-26.529],[-65.155,-26.531],[-65.157,-26.531],[-65.158,-26.533],[-65.159,-26.532],[-65.16,-26.534],[-65.161,-26.535],[-65.162,-26.537],[-65.162,-26.539],[-65.163,-26.541],[-65.162,-26.542],[-65.164,-26.543],[-65.165,-26.544],[-65.165,-26.547],[-65.166,-26.548],[-65.168,-26.549],[-65.168,-26.552],[-65.167,-26.554],[-65.191,-26.554],[-65.197,-26.556],[-65.189,-26.536],[-65.183,-26.533],[-65.2,-26.527],[-65.213,-26.527],[-65.218,-26.522],[-65.221,-26.524],[-65.221,-26.525],[-65.221,-26.526],[-65.22,-26.527],[-65.218,-26.528],[-65.217,-26.528],[-65.216,-26.531],[-65.216,-26.532],[-65.217,-26.534],[-65.215,-26.537],[-65.215,-26.539],[-65.216,-26.54],[-65.217,-26.542],[-65.219,-26.544],[-65.22,-26.544],[-65.222,-26.543],[-65.223,-26.544],[-65.223,-26.545],[-65.221,-26.549],[-65.222,-26.551],[-65.222,-26.552],[-65.224,-26.552],[-65.226,-26.554],[-65.228,-26.556],[-65.228,-26.559],[-65.228,-26.56],[-65.226,-26.562],[-65.224,-26.564],[-65.223,-26.565],[-65.222,-26.566],[-65.222,-26.567],[-65.223,-26.567],[-65.223,-26.568],[-65.222,-26.569],[-65.222,-26.57],[-65.222,-26.571],[-65.221,-26.571],[-65.222,-26.571],[-65.223,-26.572],[-65.223,-26.573],[-65.224,-26.574],[-65.223,-26.574],[-65.228,-26.576],[-65.228,-26.577],[-65.229,-26.579],[-65.231,-26.578],[-65.232,-26.577],[-65.233,-26.577],[-65.233,-26.578],[-65.234,-26.579],[-65.234,-26.58],[-65.234,-26.581],[-65.234,-26.582],[-65.233,-26.581],[-65.232,-26.581],[-65.232,-26.583],[-65.231,-26.584],[-65.232,-26.585],[-65.232,-26.586],[-65.231,-26.587],[-65.232,-26.588],[-65.232,-26.587],[-65.233,-26.588],[-65.232,-26.589],[-65.231,-26.589],[-65.232,-26.589],[-65.233,-26.59],[-65.232,-26.59],[-65.231,-26.59],[-65.23,-26.591],[-65.23,-26.59],[-65.229,-26.591],[-65.228,-26.591],[-65.228,-26.592],[-65.229,-26.592],[-65.23,-26.593],[-65.229,-26.593],[-65.229,-26.594],[-65.228,-26.593],[-65.227,-26.595],[-65.228,-26.595],[-65.227,-26.596],[-65.226,-26.596],[-65.226,-26.597],[-65.227,-26.598],[-65.225,-26.599],[-65.226,-26.599],[-65.226,-26.6],[-65.225,-26.6],[-65.226,-26.6],[-65.226,-26.601],[-65.227,-26.601],[-65.228,-26.601],[-65.229,-26.601],[-65.229,-26.602],[-65.23,-26.602],[-65.231,-26.601],[-65.232,-26.599],[-65.232,-26.598],[-65.233,-26.598],[-65.232,-26.599],[-65.234,-26.598],[-65.235,-26.598],[-65.236,-26.598],[-65.237,-26.597],[-65.238,-26.597],[-65.238,-26.599],[-65.239,-26.599],[-65.24,-26.6],[-65.241,-26.602],[-65.243,-26.603],[-65.244,-26.603],[-65.245,-26.603],[-65.245,-26.604],[-65.245,-26.605],[-65.247,-26.606],[-65.248,-26.606],[-65.25,-26.607],[-65.252,-26.608],[-65.253,-26.609],[-65.254,-26.609],[-65.255,-26.609],[-65.256,-26.609],[-65.257,-26.609],[-65.257,-26.61],[-65.258,-26.61],[-65.259,-26.609],[-65.26,-26.609],[-65.26,-26.61],[-65.262,-26.611],[-65.264,-26.61],[-65.269,-26.608],[-65.275,-26.608],[-65.276,-26.606],[-65.276,-26.605],[-65.278,-26.604],[-65.278,-26.603],[-65.28,-26.603],[-65.281,-26.602],[-65.282,-26.603],[-65.283,-26.603],[-65.284,-26.603],[-65.286,-26.604],[-65.287,-26.604],[-65.288,-26.604],[-65.29,-26.604],[-65.293,-26.606],[-65.294,-26.606],[-65.294,-26.607],[-65.298,-26.61],[-65.302,-26.612],[-65.303,-26.612],[-65.306,-26.613],[-65.308,-26.612],[-65.311,-26.611],[-65.313,-26.61],[-65.315,-26.611],[-65.316,-26.611],[-65.317,-26.611],[-65.318,-26.61],[-65.321,-26.61],[-65.322,-26.61],[-65.323,-26.611],[-65.325,-26.612],[-65.327,-26.611],[-65.329,-26.611],[-65.329,-26.61],[-65.33,-26.611],[-65.33,-26.61],[-65.332,-26.611],[-65.334,-26.612],[-65.336,-26.611],[-65.337,-26.612],[-65.339,-26.614],[-65.339,-26.615],[-65.34,-26.615],[-65.34,-26.616],[-65.341,-26.617],[-65.342,-26.617],[-65.343,-26.619],[-65.344,-26.619],[-65.345,-26.62],[-65.347,-26.62],[-65.348,-26.621],[-65.349,-26.622],[-65.351,-26.624],[-65.352,-26.624],[-65.354,-26.623],[-65.356,-26.623],[-65.357,-26.624],[-65.359,-26.623],[-65.36,-26.623],[-65.361,-26.622],[-65.362,-26.622],[-65.364,-26.622],[-65.365,-26.622],[-65.366,-26.622],[-65.366,-26.621],[-65.368,-26.621],[-65.369,-26.62],[-65.369,-26.621],[-65.371,-26.621],[-65.372,-26.621],[-65.373,-26.62],[-65.374,-26.62],[-65.375,-26.619],[-65.377,-26.619],[-65.378,-26.618],[-65.38,-26.618],[-65.381,-26.618],[-65.382,-26.619],[-65.383,-26.62],[-65.383,-26.621],[-65.383,-26.622],[-65.384,-26.623],[-65.389,-26.621],[-65.389,-26.62],[-65.391,-26.62],[-65.393,-26.62],[-65.395,-26.618],[-65.396,-26.617],[-65.397,-26.616],[-65.398,-26.615],[-65.399,-26.614],[-65.401,-26.613],[-65.402,-26.612],[-65.403,-26.612],[-65.403,-26.61],[-65.404,-26.609],[-65.406,-26.609],[-65.408,-26.608],[-65.409,-26.608],[-65.411,-26.608],[-65.414,-26.607],[-65.415,-26.608],[-65.416,-26.607],[-65.417,-26.608],[-65.418,-26.607],[-65.419,-26.606],[-65.419,-26.605],[-65.419,-26.603],[-65.42,-26.602],[-65.421,-26.601],[-65.422,-26.6],[-65.423,-26.599],[-65.424,-26.599],[-65.425,-26.598],[-65.427,-26.597],[-65.428,-26.597],[-65.43,-26.596],[-65.43,-26.595],[-65.431,-26.595],[-65.433,-26.593],[-65.436,-26.592],[-65.441,-26.593],[-65.444,-26.593],[-65.445,-26.592],[-65.447,-26.591],[-65.449,-26.59],[-65.45,-26.59],[-65.451,-26.59],[-65.452,-26.589],[-65.453,-26.589],[-65.457,-26.588],[-65.458,-26.587],[-65.459,-26.585],[-65.46,-26.589],[-65.461,-26.59],[-65.462,-26.592],[-65.462,-26.593],[-65.464,-26.596],[-65.467,-26.598],[-65.469,-26.598],[-65.47,-26.599],[-65.471,-26.603],[-65.473,-26.603],[-65.474,-26.602],[-65.475,-26.602],[-65.475,-26.601],[-65.475,-26.6],[-65.476,-26.6],[-65.477,-26.598],[-65.476,-26.597],[-65.475,-26.596],[-65.475,-26.595],[-65.476,-26.591],[-65.476,-26.59],[-65.476,-26.589],[-65.476,-26.588],[-65.477,-26.586],[-65.478,-26.584],[-65.48,-26.579],[-65.481,-26.577],[-65.483,-26.577],[-65.485,-26.573],[-65.487,-26.573],[-65.488,-26.573],[-65.489,-26.573],[-65.49,-26.572],[-65.491,-26.571],[-65.491,-26.57],[-65.493,-26.57],[-65.493,-26.569],[-65.494,-26.569],[-65.495,-26.568],[-65.496,-26.566],[-65.495,-26.566],[-65.494,-26.565],[-65.493,-26.563],[-65.492,-26.563],[-65.492,-26.561],[-65.49,-26.559],[-65.489,-26.558],[-65.488,-26.557],[-65.486,-26.557],[-65.485,-26.555],[-65.484,-26.555],[-65.482,-26.555],[-65.482,-26.554],[-65.482,-26.555],[-65.482,-26.554],[-65.483,-26.553],[-65.484,-26.552],[-65.485,-26.552],[-65.486,-26.552],[-65.487,-26.551],[-65.488,-26.551],[-65.488,-26.549],[-65.488,-26.548],[-65.488,-26.547],[-65.487,-26.547],[-65.486,-26.547],[-65.485,-26.546],[-65.484,-26.546],[-65.484,-26.545],[-65.484,-26.543],[-65.484,-26.542],[-65.484,-26.541],[-65.484,-26.54],[-65.484,-26.538],[-65.483,-26.537],[-65.483,-26.536],[-65.482,-26.535],[-65.481,-26.534],[-65.479,-26.534],[-65.478,-26.532],[-65.478,-26.531],[-65.476,-26.53],[-65.474,-26.528],[-65.473,-26.528],[-65.473,-26.526],[-65.472,-26.526],[-65.471,-26.526],[-65.47,-26.526],[-65.47,-26.525],[-65.467,-26.524],[-65.468,-26.523],[-65.469,-26.522],[-65.468,-26.521],[-65.466,-26.521],[-65.465,-26.52],[-65.466,-26.519],[-65.467,-26.519],[-65.468,-26.52],[-65.469,-26.52],[-65.471,-26.521],[-65.471,-26.52],[-65.471,-26.519],[-65.474,-26.519],[-65.475,-26.518],[-65.476,-26.517],[-65.477,-26.516],[-65.478,-26.518],[-65.481,-26.517],[-65.482,-26.517],[-65.483,-26.517],[-65.484,-26.518],[-65.485,-26.518],[-65.485,-26.52],[-65.486,-26.52],[-65.487,-26.521],[-65.485,-26.523],[-65.485,-26.524],[-65.486,-26.524],[-65.487,-26.523],[-65.488,-26.522],[-65.489,-26.522],[-65.489,-26.523],[-65.488,-26.524],[-65.487,-26.524],[-65.486,-26.525],[-65.487,-26.527],[-65.488,-26.527],[-65.488,-26.525],[-65.489,-26.525],[-65.49,-26.525],[-65.491,-26.524],[-65.494,-26.524],[-65.497,-26.524],[-65.497,-26.525],[-65.498,-26.526],[-65.496,-26.529],[-65.497,-26.531],[-65.498,-26.533],[-65.499,-26.536],[-65.5,-26.538],[-65.5,-26.539],[-65.501,-26.541],[-65.5,-26.544],[-65.501,-26.547],[-65.503,-26.548],[-65.504,-26.546],[-65.505,-26.546],[-65.506,-26.546],[-65.508,-26.545],[-65.509,-26.545],[-65.51,-26.546],[-65.511,-26.547],[-65.511,-26.548],[-65.512,-26.548],[-65.512,-26.547],[-65.513,-26.546],[-65.515,-26.546],[-65.516,-26.545],[-65.519,-26.545],[-65.519,-26.544],[-65.518,-26.544],[-65.52,-26.542],[-65.521,-26.542],[-65.522,-26.543],[-65.524,-26.543],[-65.526,-26.543],[-65.527,-26.544],[-65.527,-26.542],[-65.528,-26.541],[-65.529,-26.542],[-65.531,-26.54],[-65.533,-26.539],[-65.534,-26.538],[-65.535,-26.538],[-65.536,-26.539],[-65.537,-26.539],[-65.538,-26.538],[-65.54,-26.539],[-65.541,-26.539],[-65.542,-26.539],[-65.543,-26.537],[-65.544,-26.537],[-65.544,-26.538],[-65.546,-26.538],[-65.547,-26.539],[-65.548,-26.539],[-65.548,-26.538],[-65.55,-26.538],[-65.551,-26.539],[-65.551,-26.538],[-65.55,-26.538],[-65.551,-26.537],[-65.552,-26.536],[-65.553,-26.536],[-65.554,-26.537],[-65.556,-26.537],[-65.557,-26.537],[-65.56,-26.535],[-65.561,-26.535],[-65.562,-26.535],[-65.562,-26.536],[-65.564,-26.535],[-65.566,-26.535],[-65.566,-26.536],[-65.569,-26.537],[-65.57,-26.537],[-65.571,-26.538],[-65.572,-26.538],[-65.573,-26.539],[-65.575,-26.54],[-65.576,-26.542],[-65.577,-26.541],[-65.578,-26.542],[-65.579,-26.542],[-65.581,-26.542],[-65.581,-26.543],[-65.582,-26.544],[-65.582,-26.545],[-65.583,-26.545],[-65.584,-26.546],[-65.585,-26.545],[-65.586,-26.546],[-65.587,-26.546],[-65.588,-26.546],[-65.588,-26.547],[-65.589,-26.548],[-65.59,-26.549],[-65.592,-26.549],[-65.593,-26.547],[-65.593,-26.546],[-65.596,-26.545],[-65.598,-26.545],[-65.599,-26.545],[-65.6,-26.545],[-65.601,-26.545],[-65.603,-26.545],[-65.604,-26.545],[-65.605,-26.546],[-65.606,-26.546],[-65.607,-26.546],[-65.608,-26.546],[-65.61,-26.548],[-65.611,-26.548],[-65.612,-26.548],[-65.613,-26.547],[-65.615,-26.548],[-65.616,-26.55],[-65.617,-26.551],[-65.618,-26.552],[-65.618,-26.553],[-65.619,-26.554],[-65.622,-26.555],[-65.623,-26.555],[-65.624,-26.555],[-65.625,-26.555],[-65.627,-26.554],[-65.627,-26.553],[-65.627,-26.551],[-65.628,-26.55],[-65.628,-26.549],[-65.629,-26.549],[-65.629,-26.548],[-65.63,-26.546],[-65.63,-26.545],[-65.631,-26.545],[-65.632,-26.543],[-65.631,-26.543],[-65.631,-26.542],[-65.632,-26.542],[-65.633,-26.541],[-65.634,-26.541],[-65.634,-26.54],[-65.636,-26.539],[-65.637,-26.537],[-65.637,-26.536],[-65.639,-26.537],[-65.639,-26.536],[-65.64,-26.536],[-65.641,-26.536],[-65.642,-26.536],[-65.643,-26.534],[-65.645,-26.532],[-65.646,-26.531],[-65.645,-26.53],[-65.645,-26.529],[-65.646,-26.528],[-65.646,-26.527],[-65.647,-26.527],[-65.648,-26.527],[-65.65,-26.526],[-65.65,-26.525],[-65.651,-26.524],[-65.653,-26.524],[-65.654,-26.524],[-65.655,-26.524],[-65.656,-26.523],[-65.657,-26.523],[-65.658,-26.523],[-65.659,-26.524],[-65.66,-26.524],[-65.662,-26.525],[-65.664,-26.525],[-65.665,-26.525],[-65.666,-26.525],[-65.667,-26.525],[-65.669,-26.524],[-65.669,-26.525],[-65.671,-26.526],[-65.673,-26.526],[-65.674,-26.526],[-65.676,-26.525],[-65.677,-26.524],[-65.676,-26.524],[-65.677,-26.523],[-65.679,-26.524],[-65.68,-26.524],[-65.68,-26.525],[-65.681,-26.526],[-65.682,-26.526],[-65.682,-26.525],[-65.683,-26.525],[-65.684,-26.525],[-65.685,-26.525],[-65.686,-26.527],[-65.687,-26.527],[-65.688,-26.527],[-65.69,-26.525],[-65.691,-26.525],[-65.692,-26.524],[-65.694,-26.524],[-65.695,-26.523],[-65.696,-26.523],[-65.697,-26.523],[-65.698,-26.522],[-65.699,-26.522],[-65.699,-26.521],[-65.7,-26.521],[-65.701,-26.521],[-65.702,-26.521],[-65.704,-26.52],[-65.705,-26.519],[-65.707,-26.519],[-65.709,-26.518],[-65.709,-26.517],[-65.706,-26.508],[-65.702,-26.503],[-65.703,-26.496],[-65.701,-26.493],[-65.7,-26.487],[-65.7,-26.483],[-65.701,-26.481],[-65.705,-26.476],[-65.706,-26.473],[-65.706,-26.471],[-65.708,-26.468],[-65.711,-26.463],[-65.711,-26.46],[-65.71,-26.453],[-65.711,-26.446],[-65.712,-26.443],[-65.714,-26.44],[-65.715,-26.437],[-65.716,-26.433],[-65.718,-26.431],[-65.72,-26.427],[-65.72,-26.423],[-65.719,-26.418],[-65.715,-26.414],[-65.714,-26.41],[-65.715,-26.408],[-65.719,-26.402],[-65.721,-26.398],[-65.725,-26.391],[-65.725,-26.387],[-65.725,-26.385],[-65.724,-26.383],[-65.721,-26.381],[-65.72,-26.379],[-65.717,-26.37],[-65.712,-26.361],[-65.712,-26.359],[-65.711,-26.356],[-65.719,-26.353],[-65.718,-26.352],[-65.717,-26.352],[-65.717,-26.35],[-65.716,-26.348],[-65.712,-26.344],[-65.711,-26.34],[-65.711,-26.339],[-65.712,-26.336],[-65.711,-26.332],[-65.712,-26.33],[-65.712,-26.329],[-65.717,-26.323],[-65.718,-26.32],[-65.72,-26.316],[-65.721,-26.315],[-65.723,-26.314],[-65.723,-26.313],[-65.722,-26.309],[-65.718,-26.307],[-65.717,-26.306],[-65.712,-26.303],[-65.71,-26.301],[-65.707,-26.299],[-65.707,-26.297],[-65.707,-26.296],[-65.709,-26.293],[-65.711,-26.291],[-65.716,-26.286],[-65.72,-26.282],[-65.723,-26.28],[-65.724,-26.279],[-65.721,-26.278],[-65.72,-26.276],[-65.719,-26.274],[-65.718,-26.272],[-65.715,-26.267],[-65.713,-26.264],[-65.709,-26.261],[-65.708,-26.258],[-65.708,-26.257],[-65.709,-26.256],[-65.711,-26.254],[-65.712,-26.253],[-65.708,-26.247],[-65.707,-26.245],[-65.704,-26.243],[-65.703,-26.242],[-65.703,-26.24],[-65.702,-26.235],[-65.702,-26.231],[-65.702,-26.229],[-65.703,-26.225],[-65.704,-26.224],[-65.707,-26.223],[-65.711,-26.221],[-65.71,-26.219],[-65.71,-26.217],[-65.71,-26.215],[-65.71,-26.214],[-65.711,-26.212],[-65.71,-26.209],[-65.71,-26.208],[-65.71,-26.207],[-65.706,-26.204],[-65.704,-26.202],[-65.703,-26.199],[-65.704,-26.195],[-65.703,-26.192],[-65.703,-26.19],[-65.702,-26.189],[-65.701,-26.188],[-65.7,-26.188],[-65.697,-26.187],[-65.696,-26.187],[-65.695,-26.186],[-65.695,-26.183],[-65.695,-26.18],[-65.695,-26.179],[-65.694,-26.176],[-65.694,-26.174],[-65.695,-26.173],[-65.696,-26.171],[-65.696,-26.17],[-65.695,-26.169],[-65.695,-26.168],[-65.693,-26.166],[-65.692,-26.165],[-65.693,-26.164],[-65.694,-26.163],[-65.695,-26.162],[-65.697,-26.161],[-65.698,-26.159],[-65.7,-26.158],[-65.7,-26.156],[-65.699,-26.152],[-65.698,-26.149],[-65.698,-26.144],[-65.697,-26.142],[-65.695,-26.141],[-65.694,-26.135],[-65.69,-26.126],[-65.689,-26.123],[-65.689,-26.121],[-65.689,-26.12],[-65.689,-26.117],[-65.683,-26.117],[-65.681,-26.117],[-65.679,-26.117],[-65.676,-26.117],[-65.673,-26.117],[-65.667,-26.117],[-65.666,-26.117],[-65.664,-26.117],[-65.663,-26.117],[-65.66,-26.117],[-65.659,-26.116],[-65.659,-26.115],[-65.657,-26.116],[-65.656,-26.115],[-65.656,-26.114],[-65.655,-26.113],[-65.654,-26.113],[-65.653,-26.114],[-65.651,-26.114],[-65.65,-26.113],[-65.649,-26.113],[-65.648,-26.113],[-65.646,-26.114],[-65.644,-26.113],[-65.643,-26.112],[-65.641,-26.111],[-65.64,-26.111],[-65.639,-26.112],[-65.64,-26.113],[-65.639,-26.114],[-65.639,-26.115],[-65.637,-26.116],[-65.637,-26.117],[-65.636,-26.119],[-65.635,-26.12],[-65.632,-26.121],[-65.631,-26.123],[-65.63,-26.123],[-65.624,-26.122],[-65.62,-26.123],[-65.617,-26.124],[-65.614,-26.123],[-65.608,-26.121],[-65.605,-26.121],[-65.603,-26.121],[-65.602,-26.121],[-65.598,-26.117],[-65.597,-26.115],[-65.596,-26.114],[-65.596,-26.113],[-65.595,-26.114],[-65.593,-26.114],[-65.589,-26.115],[-65.587,-26.114],[-65.587,-26.113],[-65.586,-26.112],[-65.585,-26.11],[-65.584,-26.109],[-65.583,-26.109],[-65.582,-26.107],[-65.575,-26.104],[-65.573,-26.102],[-65.57,-26.1],[-65.569,-26.099],[-65.569,-26.097],[-65.567,-26.097],[-65.565,-26.096],[-65.564,-26.096],[-65.563,-26.095],[-65.563,-26.094],[-65.562,-26.094],[-65.56,-26.094],[-65.558,-26.094],[-65.557,-26.093],[-65.554,-26.091],[-65.554,-26.09],[-65.552,-26.09],[-65.552,-26.088],[-65.55,-26.088],[-65.55,-26.089],[-65.549,-26.088],[-65.548,-26.088],[-65.546,-26.088],[-65.545,-26.089],[-65.543,-26.09],[-65.542,-26.091],[-65.541,-26.091],[-65.538,-26.09],[-65.537,-26.091],[-65.536,-26.092],[-65.535,-26.092],[-65.534,-26.092],[-65.532,-26.091],[-65.532,-26.092],[-65.532,-26.093],[-65.53,-26.094],[-65.528,-26.093],[-65.527,-26.094],[-65.525,-26.095],[-65.524,-26.095],[-65.523,-26.094],[-65.522,-26.094],[-65.522,-26.095],[-65.521,-26.095],[-65.52,-26.094],[-65.518,-26.094],[-65.516,-26.093],[-65.515,-26.093],[-65.514,-26.094],[-65.512,-26.094],[-65.51,-26.093],[-65.509,-26.092],[-65.507,-26.092],[-65.506,-26.09],[-65.505,-26.09],[-65.503,-26.091],[-65.501,-26.09],[-65.498,-26.091],[-65.494,-26.09],[-65.493,-26.091],[-65.491,-26.092],[-65.49,-26.091],[-65.489,-26.091],[-65.489,-26.092],[-65.489,-26.093],[-65.488,-26.093],[-65.486,-26.093],[-65.485,-26.093],[-65.484,-26.094],[-65.482,-26.094],[-65.48,-26.093],[-65.479,-26.095],[-65.478,-26.095],[-65.477,-26.095],[-65.475,-26.095],[-65.474,-26.095],[-65.473,-26.095],[-65.473,-26.094],[-65.471,-26.093],[-65.47,-26.091],[-65.469,-26.091],[-65.467,-26.091],[-65.465,-26.091],[-65.465,-26.092],[-65.464,-26.092],[-65.464,-26.093],[-65.463,-26.094],[-65.463,-26.095],[-65.461,-26.094],[-65.46,-26.094],[-65.458,-26.097],[-65.457,-26.098],[-65.457,-26.099],[-65.459,-26.103],[-65.458,-26.103],[-65.454,-26.105],[-65.451,-26.106],[-65.447,-26.106],[-65.445,-26.105],[-65.441,-26.104],[-65.44,-26.104],[-65.44,-26.106],[-65.441,-26.107],[-65.441,-26.108],[-65.438,-26.11],[-65.437,-26.11],[-65.433,-26.11],[-65.425,-26.109],[-65.423,-26.109],[-65.422,-26.108],[-65.42,-26.107],[-65.418,-26.105],[-65.416,-26.104],[-65.415,-26.101],[-65.414,-26.099],[-65.413,-26.098],[-65.411,-26.097],[-65.41,-26.096],[-65.409,-26.094],[-65.409,-26.093],[-65.408,-26.093],[-65.407,-26.092],[-65.406,-26.092],[-65.404,-26.092],[-65.403,-26.092],[-65.4,-26.088],[-65.399,-26.088],[-65.397,-26.088],[-65.395,-26.089],[-65.391,-26.086],[-65.389,-26.086],[-65.388,-26.085],[-65.387,-26.083],[-65.386,-26.082],[-65.386,-26.081],[-65.384,-26.078],[-65.382,-26.076],[-65.382,-26.075],[-65.381,-26.074],[-65.382,-26.071],[-65.381,-26.07],[-65.379,-26.07],[-65.377,-26.069],[-65.377,-26.068],[-65.377,-26.067],[-65.377,-26.065],[-65.375,-26.065],[-65.372,-26.067],[-65.371,-26.067],[-65.369,-26.066],[-65.369,-26.063],[-65.368,-26.062],[-65.366,-26.062],[-65.364,-26.06],[-65.361,-26.058],[-65.36,-26.058],[-65.359,-26.059],[-65.359,-26.06],[-65.358,-26.059],[-65.356,-26.06],[-65.353,-26.059],[-65.35,-26.061],[-65.348,-26.06],[-65.347,-26.06],[-65.346,-26.063],[-65.345,-26.064],[-65.341,-26.065],[-65.341,-26.066],[-65.336,-26.068],[-65.335,-26.068],[-65.335,-26.067],[-65.335,-26.066],[-65.332,-26.066],[-65.326,-26.068],[-65.323,-26.07],[-65.322,-26.072],[-65.321,-26.073],[-65.321,-26.075],[-65.32,-26.076],[-65.319,-26.077],[-65.319,-26.078],[-65.318,-26.08],[-65.315,-26.083],[-65.312,-26.081],[-65.311,-26.081],[-65.31,-26.082],[-65.308,-26.084],[-65.308,-26.085],[-65.306,-26.084],[-65.303,-26.081],[-65.302,-26.081],[-65.3,-26.081],[-65.299,-26.081],[-65.298,-26.082],[-65.297,-26.085],[-65.298,-26.087],[-65.301,-26.088],[-65.302,-26.089],[-65.302,-26.091],[-65.301,-26.092],[-65.296,-26.094],[-65.294,-26.099],[-65.293,-26.103],[-65.291,-26.107],[-65.289,-26.11],[-65.289,-26.111],[-65.289,-26.114],[-65.292,-26.117],[-65.293,-26.119],[-65.293,-26.122],[-65.293,-26.126],[-65.293,-26.127],[-65.292,-26.128],[-65.29,-26.128],[-65.288,-26.128],[-65.288,-26.129],[-65.289,-26.131],[-65.289,-26.132],[-65.288,-26.133],[-65.285,-26.136],[-65.284,-26.137],[-65.284,-26.138],[-65.287,-26.141],[-65.286,-26.143],[-65.284,-26.145],[-65.282,-26.146],[-65.28,-26.147],[-65.279,-26.147],[-65.279,-26.148],[-65.28,-26.149],[-65.281,-26.149],[-65.282,-26.15],[-65.282,-26.151],[-65.281,-26.153],[-65.281,-26.154],[-65.28,-26.154],[-65.278,-26.154],[-65.277,-26.155],[-65.276,-26.155],[-65.275,-26.157],[-65.275,-26.158],[-65.277,-26.16],[-65.278,-26.161],[-65.278,-26.163],[-65.278,-26.166],[-65.277,-26.167],[-65.275,-26.169],[-65.274,-26.171],[-65.274,-26.172],[-65.223,-26.183],[-65.227,-26.19],[-65.195,-26.195],[-65.193,-26.192],[-65.045,-26.23],[-65.043,-26.23],[-65.04,-26.23],[-65.039,-26.234],[-65.041,-26.24],[-65.044,-26.244],[-65.043,-26.246],[-65.045,-26.251],[-65.046,-26.255],[-65.047,-26.257],[-65.046,-26.264],[-65.044,-26.267],[-65.044,-26.269],[-65.04,-26.274]]]}}]}